o obj2
usemtl mat1
v -0.26243358850479126 4.914610756515542 -1.0833498356981126
v -0.11161929368972778 4.9706522267877835 -0.9969911196172592
v -0.1379692256450653 4.9777827080089105 -1.0777736714614896
v -0.3612091839313507 4.81621729734059 -1.092034415107232
v -0.21231313049793243 4.901047344733782 -0.9296917997069238
v -0.26243358850479126 4.914610756515542 -1.0833498356981126
v -0.4246268570423126 4.692235023512267 -1.1029782271014996
v -0.2922241687774658 4.797549461711138 -0.8805431349905852
v -0.3612091839313507 4.81621729734059 -1.092034415107232
v -0.1379692256450653 4.9777827080089105 -1.0777736714614896
v -0.11161929368972778 4.9706522267877835 -0.9969911196172592
v 8.800000159681076e-7 4.999550325131504 -1.0758522895365914
v -0.36120906472206116 4.531725044626686 -0.853691952313075
v -0.4246268570423126 4.692235023512267 -1.1029782271014996
v -0.44647911190986633 4.554799596208987 -1.115109921739148
v -0.11161922663450241 4.786012124773294 -0.7498343497313642
v -0.21231313049793243 4.901047344733782 -0.9296917997069238
v -0.2922241687774658 4.797549461711138 -0.8805431349905852
v -0.34353023767471313 4.67028975545242 -0.8543549370410055
v -0.11161922663450241 4.786012124773294 -0.7498343497313642
v -0.2922241687774658 4.797549461711138 -0.8805431349905852
v -0.11161929368972778 4.9706522267877835 -0.9969911196172592
v -0.04263430833816528 4.966245510834936 -0.9470644303078326
v 8.800000159681076e-7 4.999550325131504 -1.0758522895365914
v -0.13796907663345337 4.517463626289997 -0.6921267088607461
v -0.34353023767471313 4.67028975545242 -0.8543549370410055
v -0.36120906472206116 4.531725044626686 -0.853691952313075
v -0.21231313049793243 4.901047344733782 -0.9296917997069238
v -0.04263430833816528 4.966245510834936 -0.9470644303078326
v -0.11161929368972778 4.9706522267877835 -0.9969911196172592
v 0.1379706710577011 4.517463626289997 -0.6921267088607461
v -0.131216362118721 4.6567266772717115 -0.7006974397213166
v -0.13796907663345337 4.517463626289997 -0.6921267088607461
v -0.08109591901302338 4.892664980149809 -0.8347265768341625
v 0.042635828256607056 4.966245510834936 -0.9470644303078326
v -0.04263430833816528 4.966245510834936 -0.9470644303078326
v -0.11161922663450241 4.786012124773294 -0.7498343497313642
v 0.08109743893146515 4.892664962679326 -0.8347266338209671
v -0.08109591901302338 4.892664980149809 -0.8347265768341625
v 0.13121794164180756 4.6567266772717115 -0.7006974397213166
v -0.11161922663450241 4.786012124773294 -0.7498343497313642
v -0.131216362118721 4.6567266772717115 -0.7006974397213166
v -0.04263430833816528 4.966245510834936 -0.9470644303078326
v 0.042635828256607056 4.966245510834936 -0.9470644303078326
v 8.800000159681076e-7 4.999550325131504 -1.0758522895365914
v 0.042635828256607056 4.966245510834936 -0.9470644303078326
v 0.11162082850933075 4.970652700152703 -0.996991202394323
v 8.800000159681076e-7 4.999550325131504 -1.0758522895365914
v 0.1379706710577011 4.517463626289997 -0.6921267088607461
v 0.3435317575931549 4.670289772922904 -0.8543548800542009
v 0.13121794164180756 4.6567266772717115 -0.7006974397213166
v 0.21231459081172943 4.901047344733782 -0.9296917997069238
v 0.042635828256607056 4.966245510834936 -0.9470644303078326
v 0.08109743893146515 4.892664962679326 -0.8347266338209671
v 0.11162077635526657 4.786012124773294 -0.7498343497313642
v 0.21231459081172943 4.901047344733782 -0.9296917997069238
v 0.08109743893146515 4.892664962679326 -0.8347266338209671
v 0.3435317575931549 4.670289772922904 -0.8543548800542009
v 0.11162077635526657 4.786012124773294 -0.7498343497313642
v 0.13121794164180756 4.6567266772717115 -0.7006974397213166
v 0.3435317575931549 4.670289772922904 -0.8543548800542009
v 0.36121073365211487 4.816217262399623 -1.0920345290808404
v 0.29222577810287476 4.797549005816702 -0.8805429952267168
v 0.11162082850933075 4.970652700152703 -0.996991202394323
v 0.13797076046466827 4.9777827080089105 -1.0777736714614896
v 8.800000159681076e-7 4.999550325131504 -1.0758522895365914
v 0.36121058464050293 4.53172506209717 -0.8536918953262704
v 0.42462852597236633 4.692235549288637 -1.10297813891815
v 0.3435317575931549 4.670289772922904 -0.8543548800542009
v 0.21231459081172943 4.901047344733782 -0.9296917997069238
v 0.13797076046466827 4.9777827080089105 -1.0777736714614896
v 0.11162082850933075 4.970652700152703 -0.996991202394323
v 0.36121073365211487 4.816217262399623 -1.0920345290808404
v 0.21231459081172943 4.901047344733782 -0.9296917997069238
v 0.29222577810287476 4.797549005816702 -0.8805429952267168
v 0.34353184700012207 4.7141808348189675 -1.3516013719918405
v 0.36121073365211487 4.816217262399623 -1.0920345290808404
v 0.42462852597236633 4.692235549288637 -1.10297813891815
v 0.13797076046466827 4.9777827080089105 -1.0777736714614896
v 0.11162084341049194 4.984913662594956 -1.158556306082783
v 8.800000159681076e-7 4.999550325131504 -1.0758522895365914
v 0.44648078083992004 4.5548000870443905 -1.1151099475294073
v 0.34353184700012207 4.7141808348189675 -1.3516013719918405
v 0.42462852597236633 4.692235549288637 -1.10297813891815
v 0.2123146504163742 4.928173361331332 -1.2370072502407368
v 0.13797076046466827 4.9777827080089105 -1.0777736714614896
v 0.2624351978302002 4.914610756515542 -1.0833498356981126
v 0.29222577810287476 4.834885431630128 -1.3035263478689871
v 0.2624351978302002 4.914610756515542 -1.0833498356981126
v 0.36121073365211487 4.816217262399623 -1.0920345290808404
v 0.29222577810287476 4.834885431630128 -1.3035263478689871
v 0.08109748363494873 4.936556042045872 -1.331973068771802
v 0.2123146504163742 4.928173361331332 -1.2370072502407368
v 0.13121801614761353 4.727743895529192 -1.5052589262983336
v 0.29222577810287476 4.834885431630128 -1.3035263478689871
v 0.34353184700012207 4.7141808348189675 -1.3516013719918405
v 0.11162084341049194 4.984913662594956 -1.158556306082783
v 0.04263583943247795 4.98932002747627 -1.2084825137075148
v 8.800000159681076e-7 4.999550325131504 -1.0758522895365914
v 0.13797077536582947 4.592135583598462 -1.5380930776307453
v 0.34353184700012207 4.7141808348189675 -1.3516013719918405
v 0.3612106740474701 4.577874760920077 -1.3765275180478493
v 0.2123146504163742 4.928173361331332 -1.2370072502407368
v 0.04263583943247795 4.98932002747627 -1.2084825137075148
v 0.11162084341049194 4.984913662594956 -1.158556306082783
v -0.08109588921070099 4.936556042045872 -1.331973068771802
v 0.04263583943247795 4.98932002747627 -1.2084825137075148
v 0.08109748363494873 4.936556042045872 -1.331973068771802
v -0.11161922663450241 4.846422786038454 -1.4342350761414036
v 0.08109748363494873 4.936556042045872 -1.331973068771802
v 0.11162077635526657 4.846422786038454 -1.4342350761414036
v -0.13121631741523743 4.727743895529192 -1.5052589262983336
v 0.11162077635526657 4.846422786038454 -1.4342350761414036
v 0.13121801614761353 4.727743895529192 -1.5052589262983336
v 0.04263583943247795 4.98932002747627 -1.2084825137075148
v -0.042634300887584686 4.989320518311674 -1.2084825394977745
v 8.800000159681076e-7 4.999550325131504 -1.0758522895365914
v -0.1379690021276474 4.592135583598462 -1.5380930776307453
v 0.13121801614761353 4.727743895529192 -1.5052589262983336
v 0.13797077536582947 4.592135583598462 -1.5380930776307453
v -0.361208975315094 4.577874621156209 -1.3765279739422853
v -0.13121631741523743 4.727743895529192 -1.5052589262983336
v -0.1379690021276474 4.592135583598462 -1.5380930776307453
v -0.08109588921070099 4.936556042045872 -1.331973068771802
v -0.11161929368972778 4.984913171759553 -1.1585562802925238
v -0.042634300887584686 4.989320518311674 -1.2084825394977745
v 0.3612108826637268 3.1328986020944956 -1.5040729157031052
v 0.1379709392786026 3.3879890263906547 -1.644380255811062
v 0.36121082305908203 3.373727801060217 -1.4828151962142764
v 0.36121076345443726 3.3275780140539597 -0.9599790477163275
v 0.44648098945617676 3.1098236120882414 -1.2426547495263587
v 0.44648095965385437 3.3506531271845303 -1.2213976256958343
v -0.2922241985797882 4.834885431630128 -1.3035263478689871
v -0.08109588921070099 4.936556042045872 -1.331973068771802
v -0.11161922663450241 4.846422786038454 -1.4342350761414036
v -0.4464789628982544 3.3506526363491274 -1.2213975999055746
v -0.36120885610580444 3.0867485871410207 -0.9812366973232218
v -0.36120888590812683 3.3275780140539597 -0.9599790477163275
v 0.44648098945617676 3.1098236120882414 -1.2426547495263587
v 0.36121082305908203 3.373727801060217 -1.4828151962142764
v 0.44648095965385437 3.3506531271845303 -1.2213976256958343
v -0.13121631741523743 4.727743895529192 -1.5052589262983336
v -0.2922241985797882 4.834885431630128 -1.3035263478689871
v -0.11161922663450241 4.846422786038454 -1.4342350761414036
v -0.042634300887584686 4.989320518311674 -1.2084825394977745
v -0.11161929368972778 4.984913171759553 -1.1585562802925238
v 8.800000159681076e-7 4.999550325131504 -1.0758522895365914
v -0.13796883821487427 3.3879887984434367 -1.644380185929128
v -0.3612087666988373 3.1328986020944956 -1.5040729157031052
v -0.36120879650115967 3.373727801060217 -1.4828151962142764
v -0.11161929368972778 4.984913171759553 -1.1585562802925238
v -0.1379692256450653 4.9777827080089105 -1.0777736714614896
v 8.800000159681076e-7 4.999550325131504 -1.0758522895365914
v -0.13796892762184143 3.313316823664489 -0.7984138741459326
v 0.13797086477279663 3.0724876246987676 -0.8196715936347614
v 0.13797083497047424 3.313317051611707 -0.798413944027867
v -0.44647911190986633 4.554799596208987 -1.115109921739148
v -0.34353014826774597 4.714180799878 -1.3516014859654493
v -0.361208975315094 4.577874621156209 -1.3765279739422853
v -0.26243358850479126 4.914610756515542 -1.0833498356981126
v -0.11161929368972778 4.984913171759553 -1.1585562802925238
v -0.21231311559677124 4.928173817225768 -1.2370073900046057
v -0.3612087666988373 3.1328986020944956 -1.5040729157031052
v -0.4464789628982544 3.3506526363491274 -1.2213975999055746
v -0.36120879650115967 3.373727801060217 -1.4828151962142764
v -0.36120888590812683 3.3275780140539597 -0.9599790477163275
v -0.13796888291835785 3.0724876246987676 -0.8196715936347614
v -0.13796892762184143 3.313316823664489 -0.7984138741459326
v -0.2922241985797882 4.834885431630128 -1.3035263478689871
v -0.26243358850479126 4.914610756515542 -1.0833498356981126
v -0.21231311559677124 4.928173817225768 -1.2370073900046057
v 0.13797086477279663 3.0724876246987676 -0.8196715936347614
v 0.36121076345443726 3.3275780140539597 -0.9599790477163275
v 0.13797083497047424 3.313317051611707 -0.798413944027867
v 0.137970969080925 3.1471598274249333 -1.6656379752998904
v -0.13796883821487427 3.3879887984434367 -1.644380185929128
v 0.1379709392786026 3.3879890263906547 -1.644380255811062
v -0.4246268570423126 4.692235023512267 -1.1029782271014996
v -0.2922241985797882 4.834885431630128 -1.3035263478689871
v -0.34353014826774597 4.714180799878 -1.3516014859654493
v -0.13796882331371307 2.686840763176504 -1.2799909557123428
v -0.21231278777122498 2.7364496190186793 -1.120757351142836
v -0.2624332904815674 2.7500131705643076 -1.2744149312395883
v -0.34352996945381165 2.9504421105900773 -1.006163343365341
v -0.4464789032936096 3.1098235771472744 -1.2426548634999675
v -0.4246266484260559 2.9723878869558105 -1.2547866022292906
v 0.0000010799999472510535 2.6650726202775408 -1.28191242582059
v -0.11161891371011734 2.6797100015967086 -1.1992085049465921
v -0.13796882331371307 2.686840763176504 -1.2799909557123428
v -0.3612089455127716 2.848405524944137 -1.2657298884471886
v -0.34352996945381165 2.9504421105900773 -1.006163343365341
v -0.4246266484260559 2.9723878869558105 -1.2547866022292906
v -0.2624332904815674 2.7500131705643076 -1.2744149312395883
v -0.2922239303588867 2.8297374788379495 -1.0542384814618035
v -0.3612089455127716 2.848405524944137 -1.2657298884471886
v -0.04263396933674812 2.6753030576966426 -1.1492817457552311
v -0.21231278777122498 2.7364496190186793 -1.120757351142836
v -0.11161891371011734 2.6797100015967086 -1.1992085049465921
v -0.1312161087989807 2.9368789267555355 -0.8525053772560871
v -0.36120885610580444 3.0867485871410207 -0.9812366973232218
v -0.34352996945381165 2.9504421105900773 -1.006163343365341
v 0.0000010799999472510535 2.6650726202775408 -1.28191242582059
v -0.04263396933674812 2.6753030576966426 -1.1492817457552311
v -0.11161891371011734 2.6797100015967086 -1.1992085049465921
v -0.2922239303588867 2.8297374788379495 -1.0542384814618035
v -0.1312161087989807 2.9368789267555355 -0.8525053772560871
v -0.34352996945381165 2.9504421105900773 -1.006163343365341
v -0.21231278777122498 2.7364496190186793 -1.120757351142836
v -0.11161895841360092 2.8182001244296226 -0.9235297531893867
v -0.2922239303588867 2.8297374788379495 -1.0542384814618035
v 0.042636118829250336 2.6753030576966426 -1.1492817457552311
v -0.0810956284403801 2.7280676570867595 -1.0257916282839643
v -0.04263396933674812 2.6753030576966426 -1.1492817457552311
v -0.1312161087989807 2.9368789267555355 -0.8525053772560871
v 0.13797086477279663 3.0724876246987676 -0.8196715936347614
v -0.13796888291835785 3.0724876246987676 -0.8196715936347614
v 0.0000010799999472510535 2.6650726202775408 -1.28191242582059
v 0.042636118829250336 2.6753030576966426 -1.1492817457552311
v -0.04263396933674812 2.6753030576966426 -1.1492817457552311
v -0.11161895841360092 2.8182001244296226 -0.9235297531893867
v 0.13121820986270905 2.9368789267555355 -0.8525053772560871
v -0.1312161087989807 2.9368789267555355 -0.8525053772560871
v -0.0810956284403801 2.7280676570867595 -1.0257916282839643
v 0.11162105202674866 2.8181998615414376 -0.9235297972810619
v -0.11161895841360092 2.8182001244296226 -0.9235297531893867
v 0.2123149037361145 2.736450109854082 -1.1207573769330952
v 0.11162105202674866 2.8181998615414376 -0.9235297972810619
v 0.08109770715236664 2.7280676570867595 -1.0257916282839643
v 0.11162106692790985 2.6797100015967086 -1.1992085049465921
v 0.08109770715236664 2.7280676570867595 -1.0257916282839643
v 0.042636118829250336 2.6753030576966426 -1.1492817457552311
v 0.343531996011734 2.9504423734782628 -1.0061632992736667
v 0.13797086477279663 3.0724876246987676 -0.8196715936347614
v 0.13121820986270905 2.9368789267555355 -0.8525053772560871
v 0.0000010799999472510535 2.6650726202775408 -1.28191242582059
v 0.11162106692790985 2.6797100015967086 -1.1992085049465921
v 0.042636118829250336 2.6753030576966426 -1.1492817457552311
v 0.11162105202674866 2.8181998615414376 -0.9235297972810619
v 0.343531996011734 2.9504423734782628 -1.0061632992736667
v 0.13121820986270905 2.9368789267555355 -0.8525053772560871
v 0.2123149037361145 2.736450109854082 -1.1207573769330952
v 0.36121097207069397 2.848405752891355 -1.265729958329123
v 0.29222601652145386 2.8297374788379495 -1.0542384814618035
v 0.137970969080925 2.6868405002883184 -1.279990999804018
v 0.2123149037361145 2.736450109854082 -1.1207573769330952
v 0.11162106692790985 2.6797100015967086 -1.1992085049465921
v 0.343531996011734 2.9504423734782628 -1.0061632992736667
v 0.44648098945617676 3.1098236120882414 -1.2426547495263587
v 0.36121079325675964 3.0867485871410207 -0.9812366973232218
v 0.0000010799999472510535 2.6650726202775408 -1.28191242582059
v 0.137970969080925 2.6868405002883184 -1.279990999804018
v 0.11162106692790985 2.6797100015967086 -1.1992085049465921
v 0.36121097207069397 2.848405752891355 -1.265729958329123
v 0.343531996011734 2.9504423734782628 -1.0061632992736667
v 0.29222601652145386 2.8297374788379495 -1.0542384814618035
v 0.0000010799999472510535 2.6650726202775408 -1.28191242582059
v 0.11162106692790985 2.6939709640389617 -1.3607736086350521
v 0.137970969080925 2.6868405002883184 -1.279990999804018
v 0.29222601652145386 2.8670734662274233 -1.4772216373534008
v 0.42462873458862305 2.972387624067626 -1.2547866463209654
v 0.36121097207069397 2.848405752891355 -1.265729958329123
v 0.21231496334075928 2.763576266215501 -1.4280723715724726
v 0.36121097207069397 2.848405752891355 -1.265729958329123
v 0.2624354064464569 2.750012907676123 -1.274414975331263
v 0.137970969080925 2.6868405002883184 -1.279990999804018
v 0.21231496334075928 2.763576266215501 -1.4280723715724726
v 0.2624354064464569 2.750012907676123 -1.274414975331263
v 0.42462873458862305 2.972387624067626 -1.2547866463209654
v 0.3612108826637268 3.1328986020944956 -1.5040729157031052
v 0.44648098945617676 3.1098236120882414 -1.2426547495263587
v 0.343531996011734 2.9943336982625106 -1.503409747119631
v 0.137970969080925 3.1471598274249333 -1.6656379752998904
v 0.3612108826637268 3.1328986020944956 -1.5040729157031052
v 0.0000010799999472510535 2.6650726202775408 -1.28191242582059
v 0.042636118829250336 2.6983778197556783 -1.4106998420500432
v 0.11162106692790985 2.6939709640389617 -1.3607736086350521
v 0.11162105202674866 2.878611048582968 -1.6079304355077517
v 0.343531996011734 2.9943336982625106 -1.503409747119631
v 0.29222601652145386 2.8670734662274233 -1.4772216373534008
v 0.08109776675701141 2.771958193206453 -1.523038208404953
v 0.29222601652145386 2.8670734662274233 -1.4772216373534008
v 0.21231496334075928 2.763576266215501 -1.4280723715724726
v 0.042636118829250336 2.6983778197556783 -1.4106998420500432
v 0.21231496334075928 2.763576266215501 -1.4280723715724726
v 0.11162106692790985 2.6939709640389617 -1.3607736086350521
v -0.04263396933674812 2.6983778197556783 -1.4106998420500432
v 0.08109776675701141 2.771958193206453 -1.523038208404953
v 0.042636118829250336 2.6983778197556783 -1.4106998420500432
v 0.13121820986270905 3.0078962681373334 -1.6570672756358649
v -0.13796880841255188 3.1471595295957813 -1.6656381333651744
v 0.137970969080925 3.1471598274249333 -1.6656379752998904
v 0.0000010799999472510535 2.6650726202775408 -1.28191242582059
v -0.04263396933674812 2.6983778197556783 -1.4106998420500432
v 0.042636118829250336 2.6983778197556783 -1.4106998420500432
v -0.11161895841360092 2.878610522806598 -1.6079305236911012
v 0.13121820986270905 3.0078962681373334 -1.6570672756358649
v 0.11162105202674866 2.878611048582968 -1.6079304355077517
v 0.08109776675701141 2.771958193206453 -1.523038208404953
v -0.11161895841360092 2.878610522806598 -1.6079305236911012
v 0.11162105202674866 2.878611048582968 -1.6079304355077517
v -0.11161892116069794 2.6939709640389617 -1.3607736086350521
v -0.08109559118747711 2.771958193206453 -1.523038208404953
v -0.04263396933674812 2.6983778197556783 -1.4106998420500432
v -0.3435300290584564 2.994333172486141 -1.5034098353029806
v -0.13796880841255188 3.1471595295957813 -1.6656381333651744
v -0.1312161386013031 3.007896496084552 -1.6570673455177989
v 0.0000010799999472510535 2.6650726202775408 -1.28191242582059
v -0.11161892116069794 2.6939709640389617 -1.3607736086350521
v -0.04263396933674812 2.6983778197556783 -1.4106998420500432
v -0.11161895841360092 2.878610522806598 -1.6079305236911012
v -0.3435300290584564 2.994333172486141 -1.5034098353029806
v -0.1312161386013031 3.007896496084552 -1.6570673455177989
v -0.21231278777122498 2.763575740439131 -1.428072459755822
v -0.11161895841360092 2.878610522806598 -1.6079305236911012
v -0.08109559118747711 2.771958193206453 -1.523038208404953
v -0.21231278777122498 2.763575740439131 -1.428072459755822
v -0.3612089455127716 2.848405524944137 -1.2657298884471886
v -0.2922239601612091 2.8670734662274233 -1.4772216373534008
v -0.13796882331371307 2.686840763176504 -1.2799909557123428
v -0.21231278777122498 2.763575740439131 -1.428072459755822
v -0.11161892116069794 2.6939709640389617 -1.3607736086350521
v -0.4246266484260559 2.9723878869558105 -1.2547866022292906
v -0.3612087666988373 3.1328986020944956 -1.5040729157031052
v -0.3435300290584564 2.994333172486141 -1.5034098353029806
v 0.0000010799999472510535 2.6650726202775408 -1.28191242582059
v -0.13796882331371307 2.686840763176504 -1.2799909557123428
v -0.11161892116069794 2.6939709640389617 -1.3607736086350521
v -0.2922239601612091 2.8670734662274233 -1.4772216373534008
v -0.4246266484260559 2.9723878869558105 -1.2547866022292906
v -0.3435300290584564 2.994333172486141 -1.5034098353029806
v 0.13797077536582947 4.592135583598462 -1.5380930776307453
v -0.137968972325325 4.351306261508424 -1.5593503853168134
v -0.1379690021276474 4.592135583598462 -1.5380930776307453
v 0.13797084987163544 4.110477325430887 -1.580608060713967
v -0.137968972325325 4.351306261508424 -1.5593503853168134
v 0.13797080516815186 4.351306261508424 -1.5593503853168134
v 0.13797087967395782 3.869647863576981 -1.60186582429447
v -0.13796894252300262 4.1104768345954845 -1.5806080349237073
v 0.13797084987163544 4.110477325430887 -1.580608060713967
v 0.1379709094762802 3.62881857642791 -1.623123018006929
v -0.13796891272068024 3.869647863576981 -1.60186582429447
v 0.13797087967395782 3.869647863576981 -1.60186582429447
v 0.1379709392786026 3.3879890263906547 -1.644380255811062
v -0.13796888291835785 3.6288183135397256 -1.6231230620986032
v 0.1379709094762802 3.62881857642791 -1.623123018006929
v 0.1379706710577011 4.517463626289997 -0.6921267088607461
v 0.3612106144428253 4.290895740007132 -0.874949203012338
v 0.36121058464050293 4.53172506209717 -0.8536918953262704
v 0.13797074556350708 4.035805350651939 -0.7346417489307719
v 0.3612106144428253 4.290895740007132 -0.874949203012338
v 0.1379707157611847 4.276634321670443 -0.7133839595600096
v 0.13797077536582947 3.7949759237390004 -0.7558993985376663
v 0.3612106442451477 4.0500663130941925 -0.8962068526192324
v 0.13797074556350708 4.035805350651939 -0.7346417489307719
v 0.13797077536582947 3.7949759237390004 -0.7558993985376663
v 0.3612107038497925 3.5684073361439976 -0.9387217400302599
v 0.3612106740474701 3.8092368512402865 -0.9174646161997355
v 0.13797080516815186 3.5541466016489625 -0.7771567062237339
v 0.36121076345443726 3.3275780140539597 -0.9599790477163275
v 0.3612107038497925 3.5684073361439976 -0.9387217400302599
v -0.36120903491973877 4.290895740007132 -0.874949203012338
v -0.13796907663345337 4.517463626289997 -0.6921267088607461
v -0.36120906472206116 4.531725044626686 -0.853691952313075
v -0.361208975315094 4.0500663130941925 -0.8962068526192324
v -0.13796904683113098 4.276634321670443 -0.7133839595600096
v -0.36120903491973877 4.290895740007132 -0.874949203012338
v -0.3612089455127716 3.8092368512402865 -0.9174646161997355
v -0.1379690170288086 4.035804859816537 -0.7346417231405127
v -0.361208975315094 4.0500663130941925 -0.8962068526192324
v -0.3612089157104492 3.5684073361439976 -0.9387217400302599
v -0.1379689872264862 3.7949756608508154 -0.7558994426293406
v -0.3612089455127716 3.8092368512402865 -0.9174646161997355
v -0.36120888590812683 3.3275780140539597 -0.9599790477163275
v -0.13796895742416382 3.554146338760778 -0.7771567503154087
v -0.3612089157104492 3.5684073361439976 -0.9387217400302599
v -0.3612089157104492 4.337045299066171 -1.3977852816283525
v -0.44647911190986633 4.554799596208987 -1.115109921739148
v -0.361208975315094 4.577874621156209 -1.3765279739422853
v -0.36120888590812683 4.096215872153231 -1.4190429312352473
v -0.44647908210754395 4.313970134355081 -1.1363676853196516
v -0.3612089157104492 4.337045299066171 -1.3977852816283525
v -0.36120885610580444 3.8553869011347284 -1.44030072060601
v -0.44647905230522156 4.073140812265044 -1.1576249930057187
v -0.36120888590812683 4.096215872153231 -1.4190429312352473
v -0.36120882630348206 3.6145573510974724 -1.4615579584101432
v -0.44647902250289917 3.832311297168755 -1.178882116836243
v -0.36120885610580444 3.8553869011347284 -1.44030072060601
v -0.36120879650115967 3.373727801060217 -1.4828151962142764
v -0.4464789927005768 3.5914820632620668 -1.2001399502986807
v -0.36120882630348206 3.6145573510974724 -1.4615579584101432
v -0.13796904683113098 4.276634321670443 -0.7133839595600096
v 0.1379706710577011 4.517463626289997 -0.6921267088607461
v -0.13796907663345337 4.517463626289997 -0.6921267088607461
v -0.13796904683113098 4.276634321670443 -0.7133839595600096
v 0.13797074556350708 4.035805350651939 -0.7346417489307719
v 0.1379707157611847 4.276634321670443 -0.7133839595600096
v -0.1379690170288086 4.035804859816537 -0.7346417231405127
v 0.13797077536582947 3.7949759237390004 -0.7558993985376663
v 0.13797074556350708 4.035805350651939 -0.7346417489307719
v -0.1379689872264862 3.7949756608508154 -0.7558994426293406
v 0.13797080516815186 3.5541466016489625 -0.7771567062237339
v 0.13797077536582947 3.7949759237390004 -0.7558993985376663
v -0.13796895742416382 3.554146338760778 -0.7771567503154087
v 0.13797083497047424 3.313317051611707 -0.798413944027867
v 0.13797080516815186 3.5541466016489625 -0.7771567062237339
v -0.137968972325325 4.351306261508424 -1.5593503853168134
v -0.361208975315094 4.577874621156209 -1.3765279739422853
v -0.1379690021276474 4.592135583598462 -1.5380930776307453
v -0.137968972325325 4.351306261508424 -1.5593503853168134
v -0.36120888590812683 4.096215872153231 -1.4190429312352473
v -0.3612089157104492 4.337045299066171 -1.3977852816283525
v -0.13796894252300262 4.1104768345954845 -1.5806080349237073
v -0.36120885610580444 3.8553869011347284 -1.44030072060601
v -0.36120888590812683 4.096215872153231 -1.4190429312352473
v -0.13796888291835785 3.6288183135397256 -1.6231230620986032
v -0.36120885610580444 3.8553869011347284 -1.44030072060601
v -0.13796891272068024 3.869647863576981 -1.60186582429447
v -0.13796883821487427 3.3879887984434367 -1.644380185929128
v -0.36120882630348206 3.6145573510974724 -1.4615579584101432
v -0.13796888291835785 3.6288183135397256 -1.6231230620986032
v 0.44648081064224243 4.313970660131451 -1.136367597136302
v 0.3612106740474701 4.577874760920077 -1.3765275180478493
v 0.44648078083992004 4.5548000870443905 -1.1151099475294073
v 0.4464808702468872 4.073141338041413 -1.1576249048223692
v 0.3612107038497925 4.337045334007138 -1.3977851676547437
v 0.44648081064224243 4.313970660131451 -1.136367597136302
v 0.4464808702468872 4.073141338041413 -1.1576249048223692
v 0.36121076345443726 3.8553869011347284 -1.44030072060601
v 0.36121073365211487 4.096215872153231 -1.4190429312352473
v 0.446480929851532 3.5914825890384363 -1.2001398621153312
v 0.36121076345443726 3.8553869011347284 -1.44030072060601
v 0.4464809000492096 3.8323117880041577 -1.1788821426265024
v 0.44648095965385437 3.3506531271845303 -1.2213976256958343
v 0.36121079325675964 3.6145573510974724 -1.4615579584101432
v 0.446480929851532 3.5914825890384363 -1.2001398621153312
v -0.44647908210754395 4.313970134355081 -1.1363676853196516
v -0.36120906472206116 4.531725044626686 -0.853691952313075
v -0.44647911190986633 4.554799596208987 -1.115109921739148
v -0.44647908210754395 4.313970134355081 -1.1363676853196516
v -0.361208975315094 4.0500663130941925 -0.8962068526192324
v -0.36120903491973877 4.290895740007132 -0.874949203012338
v -0.44647905230522156 4.073140812265044 -1.1576249930057187
v -0.3612089455127716 3.8092368512402865 -0.9174646161997355
v -0.361208975315094 4.0500663130941925 -0.8962068526192324
v -0.44647902250289917 3.832311297168755 -1.178882116836243
v -0.3612089157104492 3.5684073361439976 -0.9387217400302599
v -0.3612089455127716 3.8092368512402865 -0.9174646161997355
v -0.4464789927005768 3.5914820632620668 -1.2001399502986807
v -0.36120888590812683 3.3275780140539597 -0.9599790477163275
v -0.3612089157104492 3.5684073361439976 -0.9387217400302599
v 0.36121058464050293 4.53172506209717 -0.8536918953262704
v 0.44648081064224243 4.313970660131451 -1.136367597136302
v 0.44648078083992004 4.5548000870443905 -1.1151099475294073
v 0.3612106144428253 4.290895740007132 -0.874949203012338
v 0.4464808702468872 4.073141338041413 -1.1576249048223692
v 0.44648081064224243 4.313970660131451 -1.136367597136302
v 0.3612106442451477 4.0500663130941925 -0.8962068526192324
v 0.4464809000492096 3.8323117880041577 -1.1788821426265024
v 0.4464808702468872 4.073141338041413 -1.1576249048223692
v 0.3612106740474701 3.8092368512402865 -0.9174646161997355
v 0.446480929851532 3.5914825890384363 -1.2001398621153312
v 0.4464809000492096 3.8323117880041577 -1.1788821426265024
v 0.3612107038497925 3.5684073361439976 -0.9387217400302599
v 0.44648095965385437 3.3506531271845303 -1.2213976256958343
v 0.446480929851532 3.5914825890384363 -1.2001398621153312
v 0.3612107038497925 4.337045334007138 -1.3977851676547437
v 0.13797077536582947 4.592135583598462 -1.5380930776307453
v 0.3612106740474701 4.577874760920077 -1.3765275180478493
v 0.36121073365211487 4.096215872153231 -1.4190429312352473
v 0.13797080516815186 4.351306261508424 -1.5593503853168134
v 0.3612107038497925 4.337045334007138 -1.3977851676547437
v 0.36121076345443726 3.8553869011347284 -1.44030072060601
v 0.13797084987163544 4.110477325430887 -1.580608060713967
v 0.36121073365211487 4.096215872153231 -1.4190429312352473
v 0.36121076345443726 3.8553869011347284 -1.44030072060601
v 0.1379709094762802 3.62881857642791 -1.623123018006929
v 0.13797087967395782 3.869647863576981 -1.60186582429447
v 0.36121082305908203 3.373727801060217 -1.4828151962142764
v 0.1379709094762802 3.62881857642791 -1.623123018006929
v 0.36121079325675964 3.6145573510974724 -1.4615579584101432
v -0.26243358850479126 4.914610756515542 -1.0833498356981126
v -0.21231313049793243 4.901047344733782 -0.9296917997069238
v -0.11161929368972778 4.9706522267877835 -0.9969911196172592
v -0.3612091839313507 4.81621729734059 -1.092034415107232
v -0.2922241687774658 4.797549461711138 -0.8805431349905852
v -0.21231313049793243 4.901047344733782 -0.9296917997069238
v -0.4246268570423126 4.692235023512267 -1.1029782271014996
v -0.34353023767471313 4.67028975545242 -0.8543549370410055
v -0.2922241687774658 4.797549461711138 -0.8805431349905852
v -0.36120906472206116 4.531725044626686 -0.853691952313075
v -0.34353023767471313 4.67028975545242 -0.8543549370410055
v -0.4246268570423126 4.692235023512267 -1.1029782271014996
v -0.11161922663450241 4.786012124773294 -0.7498343497313642
v -0.08109591901302338 4.892664980149809 -0.8347265768341625
v -0.21231313049793243 4.901047344733782 -0.9296917997069238
v -0.34353023767471313 4.67028975545242 -0.8543549370410055
v -0.131216362118721 4.6567266772717115 -0.7006974397213166
v -0.11161922663450241 4.786012124773294 -0.7498343497313642
v -0.13796907663345337 4.517463626289997 -0.6921267088607461
v -0.131216362118721 4.6567266772717115 -0.7006974397213166
v -0.34353023767471313 4.67028975545242 -0.8543549370410055
v -0.21231313049793243 4.901047344733782 -0.9296917997069238
v -0.08109591901302338 4.892664980149809 -0.8347265768341625
v -0.04263430833816528 4.966245510834936 -0.9470644303078326
v 0.1379706710577011 4.517463626289997 -0.6921267088607461
v 0.13121794164180756 4.6567266772717115 -0.7006974397213166
v -0.131216362118721 4.6567266772717115 -0.7006974397213166
v -0.08109591901302338 4.892664980149809 -0.8347265768341625
v 0.08109743893146515 4.892664962679326 -0.8347266338209671
v 0.042635828256607056 4.966245510834936 -0.9470644303078326
v -0.11161922663450241 4.786012124773294 -0.7498343497313642
v 0.11162077635526657 4.786012124773294 -0.7498343497313642
v 0.08109743893146515 4.892664962679326 -0.8347266338209671
v 0.13121794164180756 4.6567266772717115 -0.7006974397213166
v 0.11162077635526657 4.786012124773294 -0.7498343497313642
v -0.11161922663450241 4.786012124773294 -0.7498343497313642
v 0.1379706710577011 4.517463626289997 -0.6921267088607461
v 0.36121058464050293 4.53172506209717 -0.8536918953262704
v 0.3435317575931549 4.670289772922904 -0.8543548800542009
v 0.21231459081172943 4.901047344733782 -0.9296917997069238
v 0.11162082850933075 4.970652700152703 -0.996991202394323
v 0.042635828256607056 4.966245510834936 -0.9470644303078326
v 0.11162077635526657 4.786012124773294 -0.7498343497313642
v 0.29222577810287476 4.797549005816702 -0.8805429952267168
v 0.21231459081172943 4.901047344733782 -0.9296917997069238
v 0.3435317575931549 4.670289772922904 -0.8543548800542009
v 0.29222577810287476 4.797549005816702 -0.8805429952267168
v 0.11162077635526657 4.786012124773294 -0.7498343497313642
v 0.3435317575931549 4.670289772922904 -0.8543548800542009
v 0.42462852597236633 4.692235549288637 -1.10297813891815
v 0.36121073365211487 4.816217262399623 -1.0920345290808404
v 0.36121058464050293 4.53172506209717 -0.8536918953262704
v 0.44648078083992004 4.5548000870443905 -1.1151099475294073
v 0.42462852597236633 4.692235549288637 -1.10297813891815
v 0.21231459081172943 4.901047344733782 -0.9296917997069238
v 0.2624351978302002 4.914610756515542 -1.0833498356981126
v 0.13797076046466827 4.9777827080089105 -1.0777736714614896
v 0.36121073365211487 4.816217262399623 -1.0920345290808404
v 0.2624351978302002 4.914610756515542 -1.0833498356981126
v 0.21231459081172943 4.901047344733782 -0.9296917997069238
v 0.34353184700012207 4.7141808348189675 -1.3516013719918405
v 0.29222577810287476 4.834885431630128 -1.3035263478689871
v 0.36121073365211487 4.816217262399623 -1.0920345290808404
v 0.44648078083992004 4.5548000870443905 -1.1151099475294073
v 0.3612106740474701 4.577874760920077 -1.3765275180478493
v 0.34353184700012207 4.7141808348189675 -1.3516013719918405
v 0.2123146504163742 4.928173361331332 -1.2370072502407368
v 0.11162084341049194 4.984913662594956 -1.158556306082783
v 0.13797076046466827 4.9777827080089105 -1.0777736714614896
v 0.29222577810287476 4.834885431630128 -1.3035263478689871
v 0.2123146504163742 4.928173361331332 -1.2370072502407368
v 0.2624351978302002 4.914610756515542 -1.0833498356981126
v 0.29222577810287476 4.834885431630128 -1.3035263478689871
v 0.11162077635526657 4.846422786038454 -1.4342350761414036
v 0.08109748363494873 4.936556042045872 -1.331973068771802
v 0.13121801614761353 4.727743895529192 -1.5052589262983336
v 0.11162077635526657 4.846422786038454 -1.4342350761414036
v 0.29222577810287476 4.834885431630128 -1.3035263478689871
v 0.13797077536582947 4.592135583598462 -1.5380930776307453
v 0.13121801614761353 4.727743895529192 -1.5052589262983336
v 0.34353184700012207 4.7141808348189675 -1.3516013719918405
v 0.2123146504163742 4.928173361331332 -1.2370072502407368
v 0.08109748363494873 4.936556042045872 -1.331973068771802
v 0.04263583943247795 4.98932002747627 -1.2084825137075148
v -0.08109588921070099 4.936556042045872 -1.331973068771802
v -0.042634300887584686 4.989320518311674 -1.2084825394977745
v 0.04263583943247795 4.98932002747627 -1.2084825137075148
v -0.11161922663450241 4.846422786038454 -1.4342350761414036
v -0.08109588921070099 4.936556042045872 -1.331973068771802
v 0.08109748363494873 4.936556042045872 -1.331973068771802
v -0.13121631741523743 4.727743895529192 -1.5052589262983336
v -0.11161922663450241 4.846422786038454 -1.4342350761414036
v 0.11162077635526657 4.846422786038454 -1.4342350761414036
v -0.1379690021276474 4.592135583598462 -1.5380930776307453
v -0.13121631741523743 4.727743895529192 -1.5052589262983336
v 0.13121801614761353 4.727743895529192 -1.5052589262983336
v -0.361208975315094 4.577874621156209 -1.3765279739422853
v -0.34353014826774597 4.714180799878 -1.3516014859654493
v -0.13121631741523743 4.727743895529192 -1.5052589262983336
v -0.08109588921070099 4.936556042045872 -1.331973068771802
v -0.21231311559677124 4.928173817225768 -1.2370073900046057
v -0.11161929368972778 4.984913171759553 -1.1585562802925238
v 0.3612108826637268 3.1328986020944956 -1.5040729157031052
v 0.137970969080925 3.1471598274249333 -1.6656379752998904
v 0.1379709392786026 3.3879890263906547 -1.644380255811062
v 0.36121076345443726 3.3275780140539597 -0.9599790477163275
v 0.36121079325675964 3.0867485871410207 -0.9812366973232218
v 0.44648098945617676 3.1098236120882414 -1.2426547495263587
v -0.2922241985797882 4.834885431630128 -1.3035263478689871
v -0.21231311559677124 4.928173817225768 -1.2370073900046057
v -0.08109588921070099 4.936556042045872 -1.331973068771802
v -0.4464789628982544 3.3506526363491274 -1.2213975999055746
v -0.4464789032936096 3.1098235771472744 -1.2426548634999675
v -0.36120885610580444 3.0867485871410207 -0.9812366973232218
v 0.44648098945617676 3.1098236120882414 -1.2426547495263587
v 0.3612108826637268 3.1328986020944956 -1.5040729157031052
v 0.36121082305908203 3.373727801060217 -1.4828151962142764
v -0.13121631741523743 4.727743895529192 -1.5052589262983336
v -0.34353014826774597 4.714180799878 -1.3516014859654493
v -0.2922241985797882 4.834885431630128 -1.3035263478689871
v -0.13796883821487427 3.3879887984434367 -1.644380185929128
v -0.13796880841255188 3.1471595295957813 -1.6656381333651744
v -0.3612087666988373 3.1328986020944956 -1.5040729157031052
v -0.13796892762184143 3.313316823664489 -0.7984138741459326
v -0.13796888291835785 3.0724876246987676 -0.8196715936347614
v 0.13797086477279663 3.0724876246987676 -0.8196715936347614
v -0.44647911190986633 4.554799596208987 -1.115109921739148
v -0.4246268570423126 4.692235023512267 -1.1029782271014996
v -0.34353014826774597 4.714180799878 -1.3516014859654493
v -0.26243358850479126 4.914610756515542 -1.0833498356981126
v -0.1379692256450653 4.9777827080089105 -1.0777736714614896
v -0.11161929368972778 4.984913171759553 -1.1585562802925238
v -0.3612087666988373 3.1328986020944956 -1.5040729157031052
v -0.4464789032936096 3.1098235771472744 -1.2426548634999675
v -0.4464789628982544 3.3506526363491274 -1.2213975999055746
v -0.36120888590812683 3.3275780140539597 -0.9599790477163275
v -0.36120885610580444 3.0867485871410207 -0.9812366973232218
v -0.13796888291835785 3.0724876246987676 -0.8196715936347614
v -0.2922241985797882 4.834885431630128 -1.3035263478689871
v -0.3612091839313507 4.81621729734059 -1.092034415107232
v -0.26243358850479126 4.914610756515542 -1.0833498356981126
v 0.13797086477279663 3.0724876246987676 -0.8196715936347614
v 0.36121079325675964 3.0867485871410207 -0.9812366973232218
v 0.36121076345443726 3.3275780140539597 -0.9599790477163275
v 0.137970969080925 3.1471598274249333 -1.6656379752998904
v -0.13796880841255188 3.1471595295957813 -1.6656381333651744
v -0.13796883821487427 3.3879887984434367 -1.644380185929128
v -0.4246268570423126 4.692235023512267 -1.1029782271014996
v -0.3612091839313507 4.81621729734059 -1.092034415107232
v -0.2922241985797882 4.834885431630128 -1.3035263478689871
v -0.13796882331371307 2.686840763176504 -1.2799909557123428
v -0.11161891371011734 2.6797100015967086 -1.1992085049465921
v -0.21231278777122498 2.7364496190186793 -1.120757351142836
v -0.34352996945381165 2.9504421105900773 -1.006163343365341
v -0.36120885610580444 3.0867485871410207 -0.9812366973232218
v -0.4464789032936096 3.1098235771472744 -1.2426548634999675
v -0.3612089455127716 2.848405524944137 -1.2657298884471886
v -0.2922239303588867 2.8297374788379495 -1.0542384814618035
v -0.34352996945381165 2.9504421105900773 -1.006163343365341
v -0.2624332904815674 2.7500131705643076 -1.2744149312395883
v -0.21231278777122498 2.7364496190186793 -1.120757351142836
v -0.2922239303588867 2.8297374788379495 -1.0542384814618035
v -0.04263396933674812 2.6753030576966426 -1.1492817457552311
v -0.0810956284403801 2.7280676570867595 -1.0257916282839643
v -0.21231278777122498 2.7364496190186793 -1.120757351142836
v -0.1312161087989807 2.9368789267555355 -0.8525053772560871
v -0.13796888291835785 3.0724876246987676 -0.8196715936347614
v -0.36120885610580444 3.0867485871410207 -0.9812366973232218
v -0.2922239303588867 2.8297374788379495 -1.0542384814618035
v -0.11161895841360092 2.8182001244296226 -0.9235297531893867
v -0.1312161087989807 2.9368789267555355 -0.8525053772560871
v -0.21231278777122498 2.7364496190186793 -1.120757351142836
v -0.0810956284403801 2.7280676570867595 -1.0257916282839643
v -0.11161895841360092 2.8182001244296226 -0.9235297531893867
v 0.042636118829250336 2.6753030576966426 -1.1492817457552311
v 0.08109770715236664 2.7280676570867595 -1.0257916282839643
v -0.0810956284403801 2.7280676570867595 -1.0257916282839643
v -0.1312161087989807 2.9368789267555355 -0.8525053772560871
v 0.13121820986270905 2.9368789267555355 -0.8525053772560871
v 0.13797086477279663 3.0724876246987676 -0.8196715936347614
v -0.11161895841360092 2.8182001244296226 -0.9235297531893867
v 0.11162105202674866 2.8181998615414376 -0.9235297972810619
v 0.13121820986270905 2.9368789267555355 -0.8525053772560871
v -0.0810956284403801 2.7280676570867595 -1.0257916282839643
v 0.08109770715236664 2.7280676570867595 -1.0257916282839643
v 0.11162105202674866 2.8181998615414376 -0.9235297972810619
v 0.2123149037361145 2.736450109854082 -1.1207573769330952
v 0.29222601652145386 2.8297374788379495 -1.0542384814618035
v 0.11162105202674866 2.8181998615414376 -0.9235297972810619
v 0.11162106692790985 2.6797100015967086 -1.1992085049465921
v 0.2123149037361145 2.736450109854082 -1.1207573769330952
v 0.08109770715236664 2.7280676570867595 -1.0257916282839643
v 0.343531996011734 2.9504423734782628 -1.0061632992736667
v 0.36121079325675964 3.0867485871410207 -0.9812366973232218
v 0.13797086477279663 3.0724876246987676 -0.8196715936347614
v 0.11162105202674866 2.8181998615414376 -0.9235297972810619
v 0.29222601652145386 2.8297374788379495 -1.0542384814618035
v 0.343531996011734 2.9504423734782628 -1.0061632992736667
v 0.2123149037361145 2.736450109854082 -1.1207573769330952
v 0.2624354064464569 2.750012907676123 -1.274414975331263
v 0.36121097207069397 2.848405752891355 -1.265729958329123
v 0.137970969080925 2.6868405002883184 -1.279990999804018
v 0.2624354064464569 2.750012907676123 -1.274414975331263
v 0.2123149037361145 2.736450109854082 -1.1207573769330952
v 0.343531996011734 2.9504423734782628 -1.0061632992736667
v 0.42462873458862305 2.972387624067626 -1.2547866463209654
v 0.44648098945617676 3.1098236120882414 -1.2426547495263587
v 0.36121097207069397 2.848405752891355 -1.265729958329123
v 0.42462873458862305 2.972387624067626 -1.2547866463209654
v 0.343531996011734 2.9504423734782628 -1.0061632992736667
v 0.29222601652145386 2.8670734662274233 -1.4772216373534008
v 0.343531996011734 2.9943336982625106 -1.503409747119631
v 0.42462873458862305 2.972387624067626 -1.2547866463209654
v 0.21231496334075928 2.763576266215501 -1.4280723715724726
v 0.29222601652145386 2.8670734662274233 -1.4772216373534008
v 0.36121097207069397 2.848405752891355 -1.265729958329123
v 0.137970969080925 2.6868405002883184 -1.279990999804018
v 0.11162106692790985 2.6939709640389617 -1.3607736086350521
v 0.21231496334075928 2.763576266215501 -1.4280723715724726
v 0.42462873458862305 2.972387624067626 -1.2547866463209654
v 0.343531996011734 2.9943336982625106 -1.503409747119631
v 0.3612108826637268 3.1328986020944956 -1.5040729157031052
v 0.343531996011734 2.9943336982625106 -1.503409747119631
v 0.13121820986270905 3.0078962681373334 -1.6570672756358649
v 0.137970969080925 3.1471598274249333 -1.6656379752998904
v 0.11162105202674866 2.878611048582968 -1.6079304355077517
v 0.13121820986270905 3.0078962681373334 -1.6570672756358649
v 0.343531996011734 2.9943336982625106 -1.503409747119631
v 0.08109776675701141 2.771958193206453 -1.523038208404953
v 0.11162105202674866 2.878611048582968 -1.6079304355077517
v 0.29222601652145386 2.8670734662274233 -1.4772216373534008
v 0.042636118829250336 2.6983778197556783 -1.4106998420500432
v 0.08109776675701141 2.771958193206453 -1.523038208404953
v 0.21231496334075928 2.763576266215501 -1.4280723715724726
v -0.04263396933674812 2.6983778197556783 -1.4106998420500432
v -0.08109559118747711 2.771958193206453 -1.523038208404953
v 0.08109776675701141 2.771958193206453 -1.523038208404953
v 0.13121820986270905 3.0078962681373334 -1.6570672756358649
v -0.1312161386013031 3.007896496084552 -1.6570673455177989
v -0.13796880841255188 3.1471595295957813 -1.6656381333651744
v -0.11161895841360092 2.878610522806598 -1.6079305236911012
v -0.1312161386013031 3.007896496084552 -1.6570673455177989
v 0.13121820986270905 3.0078962681373334 -1.6570672756358649
v 0.08109776675701141 2.771958193206453 -1.523038208404953
v -0.08109559118747711 2.771958193206453 -1.523038208404953
v -0.11161895841360092 2.878610522806598 -1.6079305236911012
v -0.11161892116069794 2.6939709640389617 -1.3607736086350521
v -0.21231278777122498 2.763575740439131 -1.428072459755822
v -0.08109559118747711 2.771958193206453 -1.523038208404953
v -0.3435300290584564 2.994333172486141 -1.5034098353029806
v -0.3612087666988373 3.1328986020944956 -1.5040729157031052
v -0.13796880841255188 3.1471595295957813 -1.6656381333651744
v -0.11161895841360092 2.878610522806598 -1.6079305236911012
v -0.2922239601612091 2.8670734662274233 -1.4772216373534008
v -0.3435300290584564 2.994333172486141 -1.5034098353029806
v -0.21231278777122498 2.763575740439131 -1.428072459755822
v -0.2922239601612091 2.8670734662274233 -1.4772216373534008
v -0.11161895841360092 2.878610522806598 -1.6079305236911012
v -0.21231278777122498 2.763575740439131 -1.428072459755822
v -0.2624332904815674 2.7500131705643076 -1.2744149312395883
v -0.3612089455127716 2.848405524944137 -1.2657298884471886
v -0.13796882331371307 2.686840763176504 -1.2799909557123428
v -0.2624332904815674 2.7500131705643076 -1.2744149312395883
v -0.21231278777122498 2.763575740439131 -1.428072459755822
v -0.4246266484260559 2.9723878869558105 -1.2547866022292906
v -0.4464789032936096 3.1098235771472744 -1.2426548634999675
v -0.3612087666988373 3.1328986020944956 -1.5040729157031052
v -0.2922239601612091 2.8670734662274233 -1.4772216373534008
v -0.3612089455127716 2.848405524944137 -1.2657298884471886
v -0.4246266484260559 2.9723878869558105 -1.2547866022292906
v 0.13797077536582947 4.592135583598462 -1.5380930776307453
v 0.13797080516815186 4.351306261508424 -1.5593503853168134
v -0.137968972325325 4.351306261508424 -1.5593503853168134
v 0.13797084987163544 4.110477325430887 -1.580608060713967
v -0.13796894252300262 4.1104768345954845 -1.5806080349237073
v -0.137968972325325 4.351306261508424 -1.5593503853168134
v 0.13797087967395782 3.869647863576981 -1.60186582429447
v -0.13796891272068024 3.869647863576981 -1.60186582429447
v -0.13796894252300262 4.1104768345954845 -1.5806080349237073
v 0.1379709094762802 3.62881857642791 -1.623123018006929
v -0.13796888291835785 3.6288183135397256 -1.6231230620986032
v -0.13796891272068024 3.869647863576981 -1.60186582429447
v 0.1379709392786026 3.3879890263906547 -1.644380255811062
v -0.13796883821487427 3.3879887984434367 -1.644380185929128
v -0.13796888291835785 3.6288183135397256 -1.6231230620986032
v 0.1379706710577011 4.517463626289997 -0.6921267088607461
v 0.1379707157611847 4.276634321670443 -0.7133839595600096
v 0.3612106144428253 4.290895740007132 -0.874949203012338
v 0.13797074556350708 4.035805350651939 -0.7346417489307719
v 0.3612106442451477 4.0500663130941925 -0.8962068526192324
v 0.3612106144428253 4.290895740007132 -0.874949203012338
v 0.13797077536582947 3.7949759237390004 -0.7558993985376663
v 0.3612106740474701 3.8092368512402865 -0.9174646161997355
v 0.3612106442451477 4.0500663130941925 -0.8962068526192324
v 0.13797077536582947 3.7949759237390004 -0.7558993985376663
v 0.13797080516815186 3.5541466016489625 -0.7771567062237339
v 0.3612107038497925 3.5684073361439976 -0.9387217400302599
v 0.13797080516815186 3.5541466016489625 -0.7771567062237339
v 0.13797083497047424 3.313317051611707 -0.798413944027867
v 0.36121076345443726 3.3275780140539597 -0.9599790477163275
v -0.36120903491973877 4.290895740007132 -0.874949203012338
v -0.13796904683113098 4.276634321670443 -0.7133839595600096
v -0.13796907663345337 4.517463626289997 -0.6921267088607461
v -0.361208975315094 4.0500663130941925 -0.8962068526192324
v -0.1379690170288086 4.035804859816537 -0.7346417231405127
v -0.13796904683113098 4.276634321670443 -0.7133839595600096
v -0.3612089455127716 3.8092368512402865 -0.9174646161997355
v -0.1379689872264862 3.7949756608508154 -0.7558994426293406
v -0.1379690170288086 4.035804859816537 -0.7346417231405127
v -0.3612089157104492 3.5684073361439976 -0.9387217400302599
v -0.13796895742416382 3.554146338760778 -0.7771567503154087
v -0.1379689872264862 3.7949756608508154 -0.7558994426293406
v -0.36120888590812683 3.3275780140539597 -0.9599790477163275
v -0.13796892762184143 3.313316823664489 -0.7984138741459326
v -0.13796895742416382 3.554146338760778 -0.7771567503154087
v -0.3612089157104492 4.337045299066171 -1.3977852816283525
v -0.44647908210754395 4.313970134355081 -1.1363676853196516
v -0.44647911190986633 4.554799596208987 -1.115109921739148
v -0.36120888590812683 4.096215872153231 -1.4190429312352473
v -0.44647905230522156 4.073140812265044 -1.1576249930057187
v -0.44647908210754395 4.313970134355081 -1.1363676853196516
v -0.36120885610580444 3.8553869011347284 -1.44030072060601
v -0.44647902250289917 3.832311297168755 -1.178882116836243
v -0.44647905230522156 4.073140812265044 -1.1576249930057187
v -0.36120882630348206 3.6145573510974724 -1.4615579584101432
v -0.4464789927005768 3.5914820632620668 -1.2001399502986807
v -0.44647902250289917 3.832311297168755 -1.178882116836243
v -0.36120879650115967 3.373727801060217 -1.4828151962142764
v -0.4464789628982544 3.3506526363491274 -1.2213975999055746
v -0.4464789927005768 3.5914820632620668 -1.2001399502986807
v -0.13796904683113098 4.276634321670443 -0.7133839595600096
v 0.1379707157611847 4.276634321670443 -0.7133839595600096
v 0.1379706710577011 4.517463626289997 -0.6921267088607461
v -0.13796904683113098 4.276634321670443 -0.7133839595600096
v -0.1379690170288086 4.035804859816537 -0.7346417231405127
v 0.13797074556350708 4.035805350651939 -0.7346417489307719
v -0.1379690170288086 4.035804859816537 -0.7346417231405127
v -0.1379689872264862 3.7949756608508154 -0.7558994426293406
v 0.13797077536582947 3.7949759237390004 -0.7558993985376663
v -0.1379689872264862 3.7949756608508154 -0.7558994426293406
v -0.13796895742416382 3.554146338760778 -0.7771567503154087
v 0.13797080516815186 3.5541466016489625 -0.7771567062237339
v -0.13796895742416382 3.554146338760778 -0.7771567503154087
v -0.13796892762184143 3.313316823664489 -0.7984138741459326
v 0.13797083497047424 3.313317051611707 -0.798413944027867
v -0.137968972325325 4.351306261508424 -1.5593503853168134
v -0.3612089157104492 4.337045299066171 -1.3977852816283525
v -0.361208975315094 4.577874621156209 -1.3765279739422853
v -0.137968972325325 4.351306261508424 -1.5593503853168134
v -0.13796894252300262 4.1104768345954845 -1.5806080349237073
v -0.36120888590812683 4.096215872153231 -1.4190429312352473
v -0.13796894252300262 4.1104768345954845 -1.5806080349237073
v -0.13796891272068024 3.869647863576981 -1.60186582429447
v -0.36120885610580444 3.8553869011347284 -1.44030072060601
v -0.13796888291835785 3.6288183135397256 -1.6231230620986032
v -0.36120882630348206 3.6145573510974724 -1.4615579584101432
v -0.36120885610580444 3.8553869011347284 -1.44030072060601
v -0.13796883821487427 3.3879887984434367 -1.644380185929128
v -0.36120879650115967 3.373727801060217 -1.4828151962142764
v -0.36120882630348206 3.6145573510974724 -1.4615579584101432
v 0.44648081064224243 4.313970660131451 -1.136367597136302
v 0.3612107038497925 4.337045334007138 -1.3977851676547437
v 0.3612106740474701 4.577874760920077 -1.3765275180478493
v 0.4464808702468872 4.073141338041413 -1.1576249048223692
v 0.36121073365211487 4.096215872153231 -1.4190429312352473
v 0.3612107038497925 4.337045334007138 -1.3977851676547437
v 0.4464808702468872 4.073141338041413 -1.1576249048223692
v 0.4464809000492096 3.8323117880041577 -1.1788821426265024
v 0.36121076345443726 3.8553869011347284 -1.44030072060601
v 0.446480929851532 3.5914825890384363 -1.2001398621153312
v 0.36121079325675964 3.6145573510974724 -1.4615579584101432
v 0.36121076345443726 3.8553869011347284 -1.44030072060601
v 0.44648095965385437 3.3506531271845303 -1.2213976256958343
v 0.36121082305908203 3.373727801060217 -1.4828151962142764
v 0.36121079325675964 3.6145573510974724 -1.4615579584101432
v -0.44647908210754395 4.313970134355081 -1.1363676853196516
v -0.36120903491973877 4.290895740007132 -0.874949203012338
v -0.36120906472206116 4.531725044626686 -0.853691952313075
v -0.44647908210754395 4.313970134355081 -1.1363676853196516
v -0.44647905230522156 4.073140812265044 -1.1576249930057187
v -0.361208975315094 4.0500663130941925 -0.8962068526192324
v -0.44647905230522156 4.073140812265044 -1.1576249930057187
v -0.44647902250289917 3.832311297168755 -1.178882116836243
v -0.3612089455127716 3.8092368512402865 -0.9174646161997355
v -0.44647902250289917 3.832311297168755 -1.178882116836243
v -0.4464789927005768 3.5914820632620668 -1.2001399502986807
v -0.3612089157104492 3.5684073361439976 -0.9387217400302599
v -0.4464789927005768 3.5914820632620668 -1.2001399502986807
v -0.4464789628982544 3.3506526363491274 -1.2213975999055746
v -0.36120888590812683 3.3275780140539597 -0.9599790477163275
v 0.36121058464050293 4.53172506209717 -0.8536918953262704
v 0.3612106144428253 4.290895740007132 -0.874949203012338
v 0.44648081064224243 4.313970660131451 -1.136367597136302
v 0.3612106144428253 4.290895740007132 -0.874949203012338
v 0.3612106442451477 4.0500663130941925 -0.8962068526192324
v 0.4464808702468872 4.073141338041413 -1.1576249048223692
v 0.3612106442451477 4.0500663130941925 -0.8962068526192324
v 0.3612106740474701 3.8092368512402865 -0.9174646161997355
v 0.4464809000492096 3.8323117880041577 -1.1788821426265024
v 0.3612106740474701 3.8092368512402865 -0.9174646161997355
v 0.3612107038497925 3.5684073361439976 -0.9387217400302599
v 0.446480929851532 3.5914825890384363 -1.2001398621153312
v 0.3612107038497925 3.5684073361439976 -0.9387217400302599
v 0.36121076345443726 3.3275780140539597 -0.9599790477163275
v 0.44648095965385437 3.3506531271845303 -1.2213976256958343
v 0.3612107038497925 4.337045334007138 -1.3977851676547437
v 0.13797080516815186 4.351306261508424 -1.5593503853168134
v 0.13797077536582947 4.592135583598462 -1.5380930776307453
v 0.36121073365211487 4.096215872153231 -1.4190429312352473
v 0.13797084987163544 4.110477325430887 -1.580608060713967
v 0.13797080516815186 4.351306261508424 -1.5593503853168134
v 0.36121076345443726 3.8553869011347284 -1.44030072060601
v 0.13797087967395782 3.869647863576981 -1.60186582429447
v 0.13797084987163544 4.110477325430887 -1.580608060713967
v 0.36121076345443726 3.8553869011347284 -1.44030072060601
v 0.36121079325675964 3.6145573510974724 -1.4615579584101432
v 0.1379709094762802 3.62881857642791 -1.623123018006929
v 0.36121082305908203 3.373727801060217 -1.4828151962142764
v 0.1379709392786026 3.3879890263906547 -1.644380255811062
v 0.1379709094762802 3.62881857642791 -1.623123018006929
vn -0.6074204330246596 0.7913038300063776 0.06984744921164099
vn -0.27240877597679936 0.9205564687346279 0.2799450779021736
vn -0.33671835331503325 0.9379585028682307 0.08279249626626553
vn -0.8191990202361745 0.5712880990655711 0.050426908591920665
vn -0.49141150822734614 0.7599131320410795 0.4254959004893488
vn -0.6074204330246596 0.7913038300063776 0.06984744921164099
vn -0.9538386402882745 0.2991564171738083 0.02640618027557248
vn -0.6627489360527072 0.5289502080685189 0.5300712453484674
vn -0.8191990202361745 0.5712880990655711 0.050426908591920665
vn -0.33671835331503325 0.9379585028682307 0.08279249626626553
vn -0.27240877597679936 0.9205564687346279 0.2799450779021736
vn -2.892444108544773e-16 0.9961269256163515 0.08792694730351844
vn -0.8065971942347291 0.025452768181299754 0.5905532345560153
vn -0.9538386402882745 0.2991564171738083 0.02640618027557248
vn -0.9970094323752129 0.07698064608228869 0.006794989595952919
vn -0.2531505591656523 0.5027860172328132 0.8265113521720575
vn -0.49141150822734614 0.7599131320410795 0.4254959004893488
vn -0.6627489360527072 0.5289502080685189 0.5300712453484674
vn -0.7716718737104418 0.24986121249731716 0.584886222964421
vn -0.2531505591656523 0.5027860172328132 0.8265113521720575
vn -0.6627489360527072 0.5289502080685189 0.5300712453484674
vn -0.27240877597679936 0.9205564687346279 0.2799450779021736
vn -0.10404951017265582 0.9098010587552672 0.40179065808033076
vn -2.892444108544773e-16 0.9961269256163515 0.08792694730351844
vn -0.30809095285771637 -0.00639254555857383 0.9513354298713497
vn -0.7716718737104418 0.24986121249731716 0.584886222964421
vn -0.8065971942347291 0.025452768181299754 0.5905532345560153
vn -0.49141150822734614 0.7599131320410795 0.4254959004893488
vn -0.10404951017265582 0.9098010587552672 0.40179065808033076
vn -0.27240877597679936 0.9205564687346279 0.2799450779021736
vn 0.30809095285771637 -0.00639254555857383 0.9513354298713497
vn -0.294751379730312 0.21939493270854912 0.9300470351809572
vn -0.30809095285771637 -0.00639254555857383 0.9513354298713497
vn -0.18770031603781143 0.7405100552203079 0.645301053367281
vn 0.10404951017265582 0.9098010587552672 0.40179065808033076
vn -0.10404951017265582 0.9098010587552672 0.40179065808033076
vn -0.2531505591656523 0.5027860172328132 0.8265113521720575
vn 0.18770031603781143 0.7405100552203079 0.645301053367281
vn -0.18770031603781143 0.7405100552203079 0.645301053367281
vn 0.294751379730312 0.21939493270854912 0.9300470351809572
vn -0.2531505591656523 0.5027860172328132 0.8265113521720575
vn -0.294751379730312 0.21939493270854912 0.9300470351809572
vn -0.10404951017265582 0.9098010587552672 0.40179065808033076
vn 0.10404951017265582 0.9098010587552672 0.40179065808033076
vn -2.892444108544773e-16 0.9961269256163515 0.08792694730351844
vn 0.10404951017265582 0.9098010587552672 0.40179065808033076
vn 0.27240877597679936 0.9205564687346279 0.2799450779021736
vn -2.892444108544773e-16 0.9961269256163515 0.08792694730351844
vn 0.30809095285771637 -0.00639254555857383 0.9513354298713497
vn 0.7716718737104418 0.24986121249731716 0.584886222964421
vn 0.294751379730312 0.21939493270854912 0.9300470351809572
vn 0.49141150822734614 0.7599131320410795 0.4254959004893488
vn 0.10404951017265582 0.9098010587552672 0.40179065808033076
vn 0.18770031603781143 0.7405100552203079 0.645301053367281
vn 0.2531505591656523 0.5027860172328132 0.8265113521720575
vn 0.49141150822734614 0.7599131320410795 0.4254959004893488
vn 0.18770031603781143 0.7405100552203079 0.645301053367281
vn 0.7716718737104418 0.24986121249731716 0.584886222964421
vn 0.2531505591656523 0.5027860172328132 0.8265113521720575
vn 0.294751379730312 0.21939493270854912 0.9300470351809572
vn 0.7716718737104418 0.24986121249731716 0.584886222964421
vn 0.8191990202361745 0.5712880990655711 0.050426908591920665
vn 0.6627489360527072 0.5289502080685189 0.5300712453484674
vn 0.27240877597679936 0.9205564687346279 0.2799450779021736
vn 0.33671835331503325 0.9379585028682307 0.08279249626626553
vn -2.892444108544773e-16 0.9961269256163515 0.08792694730351844
vn 0.8065971942347291 0.025452768181299754 0.5905532345560153
vn 0.9538386402882745 0.2991564171738083 0.02640618027557248
vn 0.7716718737104418 0.24986121249731716 0.584886222964421
vn 0.49141150822734614 0.7599131320410795 0.4254959004893488
vn 0.33671835331503325 0.9379585028682307 0.08279249626626553
vn 0.27240877597679936 0.9205564687346279 0.2799450779021736
vn 0.8191990202361745 0.5712880990655711 0.050426908591920665
vn 0.49141150822734614 0.7599131320410795 0.4254959004893488
vn 0.6627489360527072 0.5289502080685189 0.5300712453484674
vn 0.7716718863081126 0.34845392426870736 -0.5320736439097669
vn 0.8191990202361745 0.5712880990655711 0.050426908591920665
vn 0.9538386402882745 0.2991564171738083 0.02640618027557248
vn 0.33671835331503325 0.9379585028682307 0.08279249626626553
vn 0.27240878075244335 0.9553613113442161 -0.11436004964858706
vn -2.892444108544773e-16 0.9961269256163515 0.08792694730351844
vn 0.9970094323752129 0.07698064608228869 0.006794989595952919
vn 0.7716718863081126 0.34845392426870736 -0.5320736439097669
vn 0.9538386402882745 0.2991564171738083 0.02640618027557248
vn 0.4914115190795924 0.8226984191355039 -0.28580068241316386
vn 0.33671835331503325 0.9379585028682307 0.08279249626626553
vn 0.6074204330246596 0.7913038300063776 0.06984744921164099
vn 0.6627489295260065 0.6136254931471544 -0.42921743973427273
vn 0.6074204330246596 0.7913038300063776 0.06984744921164099
vn 0.8191990202361745 0.5712880990655711 0.050426908591920665
vn 0.6627489295260065 0.6136254931471544 -0.42921743973427273
vn 0.18770031936501666 0.8420992510364258 -0.5056060141198494
vn 0.4914115190795924 0.8226984191355039 -0.28580068241316386
vn 0.2947504894533961 0.3789303602148521 -0.8772308311239556
vn 0.6627489295260065 0.6136254931471544 -0.42921743973427273
vn 0.7716718863081126 0.34845392426870736 -0.5320736439097669
vn 0.27240878075244335 0.9553613113442161 -0.11436004964858706
vn 0.10404951140528375 0.9661162330360226 -0.2362056803732874
vn -2.892444108544773e-16 0.9961269256163515 0.08792694730351844
vn 0.3080909560187736 0.16035437434065405 -0.9377454011880066
vn 0.7716718863081126 0.34845392426870736 -0.5320736439097669
vn 0.8066019226536498 0.12850793469653657 -0.5769567133602538
vn 0.4914115190795924 0.8226984191355039 -0.28580068241316386
vn 0.10404951140528375 0.9661162330360226 -0.2362056803732874
vn 0.27240878075244335 0.9553613113442161 -0.11436004964858706
vn -0.18770031936501666 0.8420992510364258 -0.5056060141198494
vn 0.10404951140528375 0.9661162330360226 -0.2362056803732874
vn 0.18770031936501666 0.8420992510364258 -0.5056060141198494
vn -0.2531392581142622 0.6397915700027748 -0.7256633261745737
vn 0.18770031936501666 0.8420992510364258 -0.5056060141198494
vn 0.2531485918897004 0.6397899740908892 -0.7256614771896336
vn -0.2947504894533961 0.3789303602148521 -0.8772308311239556
vn 0.2531485918897004 0.6397899740908892 -0.7256614771896336
vn 0.2947504894533961 0.3789303602148521 -0.8772308311239556
vn 0.10404951140528375 0.9661162330360226 -0.2362056803732874
vn -0.10404951140528375 0.9661162330360226 -0.2362056803732874
vn -2.892444108544773e-16 0.9961269256163515 0.08792694730351844
vn -0.30809998839593356 0.16035389051547055 -0.9377425163374955
vn 0.2947504894533961 0.3789303602148521 -0.8772308311239556
vn 0.3080909560187736 0.16035437434065405 -0.9377454011880066
vn -0.806597177827311 0.12850807009175313 -0.5769633165482103
vn -0.2947504894533961 0.3789303602148521 -0.8772308311239556
vn -0.30809998839593356 0.16035389051547055 -0.9377425163374955
vn -0.18770031936501666 0.8420992510364258 -0.5056060141198494
vn -0.27240878075244335 0.9553613113442161 -0.11436004964858706
vn -0.10404951140528375 0.9661162330360226 -0.2362056803732874
vn 0.8065937254952957 -0.025452973304191856 -0.5905579634054525
vn 0.30901870126800046 0.08362345182015442 -0.9473724508198035
vn 0.8090157698355893 0.051682314673248665 -0.5855103948755681
vn 0.8090123327771064 -0.05168272893221841 0.5855151073581817
vn 0.9970094323752129 -0.07698064608228869 -0.006794989595952919
vn 1 2.5785130437760995e-16 3.683943661198908e-16
vn -0.662743331980264 0.6136295545061073 -0.4292202764925418
vn -0.18770031936501666 0.8420992510364258 -0.5056060141198494
vn -0.2531392581142622 0.6397915700027748 -0.7256633261745737
vn -1 -2.5785130437760995e-16 -3.683943661198908e-16
vn -0.8066019226536498 -0.12850793469653657 0.5769567133602538
vn -0.8090123327771064 -0.05168272893221841 0.5855151073581817
vn 0.9970094323752129 -0.07698064608228869 -0.006794989595952919
vn 0.8090157698355893 0.051682314673248665 -0.5855103948755681
vn 1 2.5785130437760995e-16 3.683943661198908e-16
vn -0.2947504894533961 0.3789303602148521 -0.8772308311239556
vn -0.662743331980264 0.6136295545061073 -0.4292202764925418
vn -0.2531392581142622 0.6397915700027748 -0.7256633261745737
vn -0.10404951140528375 0.9661162330360226 -0.2362056803732874
vn -0.27240878075244335 0.9553613113442161 -0.11436004964858706
vn -2.892444108544773e-16 0.9961269256163515 0.08792694730351844
vn -0.30901870126800046 0.08362345182015442 -0.9473724508198035
vn -0.8065971942347291 -0.025452768181299754 -0.5905532345560153
vn -0.8090205095118157 0.051681726653271136 -0.5855038977832502
vn -0.27240878075244335 0.9553613113442161 -0.11436004964858706
vn -0.33671835331503325 0.9379585028682307 0.08279249626626553
vn -2.892444108544773e-16 0.9961269256163515 0.08792694730351844
vn -0.3090096379776519 -0.08362370151792725 0.9473753850408828
vn 0.3080909560187736 -0.16035437434065405 0.9377454011880066
vn 0.3090096379776519 -0.08362370151792725 0.9473753850408828
vn -0.9970094323752129 0.07698064608228869 0.006794989595952919
vn -0.7716718863081126 0.34845392426870736 -0.5320736439097669
vn -0.806597177827311 0.12850807009175313 -0.5769633165482103
vn -0.6074204330246596 0.7913038300063776 0.06984744921164099
vn -0.27240878075244335 0.9553613113442161 -0.11436004964858706
vn -0.4914115190795924 0.8226984191355039 -0.28580068241316386
vn -0.8065971942347291 -0.025452768181299754 -0.5905532345560153
vn -1 -2.5785130437760995e-16 -3.683943661198908e-16
vn -0.8090205095118157 0.051681726653271136 -0.5855038977832502
vn -0.8090123327771064 -0.05168272893221841 0.5855151073581817
vn -0.30809998839593356 -0.16035389051547055 0.9377425163374955
vn -0.3090096379776519 -0.08362370151792725 0.9473753850408828
vn -0.662743331980264 0.6136295545061073 -0.4292202764925418
vn -0.6074204330246596 0.7913038300063776 0.06984744921164099
vn -0.4914115190795924 0.8226984191355039 -0.28580068241316386
vn 0.3080909560187736 -0.16035437434065405 0.9377454011880066
vn 0.8090123327771064 -0.05168272893221841 0.5855151073581817
vn 0.3090096379776519 -0.08362370151792725 0.9473753850408828
vn 0.30809095285771637 0.00639254555857383 -0.9513354298713497
vn -0.30901870126800046 0.08362345182015442 -0.9473724508198035
vn 0.30901870126800046 0.08362345182015442 -0.9473724508198035
vn -0.9538386402882745 0.2991564171738083 0.02640618027557248
vn -0.662743331980264 0.6136295545061073 -0.4292202764925418
vn -0.7716718863081126 0.34845392426870736 -0.5320736439097669
vn -0.33671835331503325 -0.9379585028682307 -0.08279249626626553
vn -0.4914115190795924 -0.8226984191355039 0.28580068241316386
vn -0.6074204330246596 -0.7913038300063776 -0.06984744921164099
vn -0.7716718863081126 -0.34845392426870736 0.5320736439097669
vn -0.9970094323752129 -0.07698064608228869 -0.006794989595952919
vn -0.9538386402882745 -0.2991564171738083 -0.02640618027557248
vn 2.892444108544773e-16 -0.9961269256163515 -0.08792694730351844
vn -0.27240878075244335 -0.9553613113442161 0.11436004964858706
vn -0.33671835331503325 -0.9379585028682307 -0.08279249626626553
vn -0.8191990202361745 -0.5712880990655711 -0.050426908591920665
vn -0.7716718863081126 -0.34845392426870736 0.5320736439097669
vn -0.9538386402882745 -0.2991564171738083 -0.02640618027557248
vn -0.6074204330246596 -0.7913038300063776 -0.06984744921164099
vn -0.6627489295260065 -0.6136254931471544 0.42921743973427273
vn -0.8191990202361745 -0.5712880990655711 -0.050426908591920665
vn -0.10405048984356324 -0.966115372290043 0.23620876992225795
vn -0.4914115190795924 -0.8226984191355039 0.28580068241316386
vn -0.27240878075244335 -0.9553613113442161 0.11436004964858706
vn -0.2947504894533961 -0.3789303602148521 0.8772308311239556
vn -0.8066019226536498 -0.12850793469653657 0.5769567133602538
vn -0.7716718863081126 -0.34845392426870736 0.5320736439097669
vn 2.892444108544773e-16 -0.9961269256163515 -0.08792694730351844
vn -0.10405048984356324 -0.966115372290043 0.23620876992225795
vn -0.27240878075244335 -0.9553613113442161 0.11436004964858706
vn -0.6627489295260065 -0.6136254931471544 0.42921743973427273
vn -0.2947504894533961 -0.3789303602148521 0.8772308311239556
vn -0.7716718863081126 -0.34845392426870736 0.5320736439097669
vn -0.4914115190795924 -0.8226984191355039 0.28580068241316386
vn -0.253150552896339 -0.639794078341008 0.7256571744894816
vn -0.6627489295260065 -0.6136254931471544 0.42921743973427273
vn 0.10405048984356324 -0.966115372290043 0.23620876992225795
vn -0.18770031936501666 -0.8420992510364258 0.5056060141198494
vn -0.10405048984356324 -0.966115372290043 0.23620876992225795
vn -0.2947504894533961 -0.3789303602148521 0.8772308311239556
vn 0.3080909560187736 -0.16035437434065405 0.9377454011880066
vn -0.30809998839593356 -0.16035389051547055 0.9377425163374955
vn 2.892444108544773e-16 -0.9961269256163515 -0.08792694730351844
vn 0.10405048984356324 -0.966115372290043 0.23620876992225795
vn -0.10405048984356324 -0.966115372290043 0.23620876992225795
vn -0.253150552896339 -0.639794078341008 0.7256571744894816
vn 0.2947513768671615 -0.3789215382458968 0.8772343436552609
vn -0.2947504894533961 -0.3789303602148521 0.8772308311239556
vn -0.18770031936501666 -0.8420992510364258 0.5056060141198494
vn 0.253150552896339 -0.639794078341008 0.7256571744894816
vn -0.253150552896339 -0.639794078341008 0.7256571744894816
vn 0.4914115190795924 -0.8226984191355039 0.28580068241316386
vn 0.253150552896339 -0.639794078341008 0.7256571744894816
vn 0.18770031936501666 -0.8420992510364258 0.5056060141198494
vn 0.27241134557898067 -0.9553603468928009 0.11436199711755839
vn 0.18770031936501666 -0.8420992510364258 0.5056060141198494
vn 0.10405048984356324 -0.966115372290043 0.23620876992225795
vn 0.7716718863081126 -0.34845392426870736 0.5320736439097669
vn 0.3080909560187736 -0.16035437434065405 0.9377454011880066
vn 0.2947513768671615 -0.3789215382458968 0.8772343436552609
vn 2.892444108544773e-16 -0.9961269256163515 -0.08792694730351844
vn 0.27241134557898067 -0.9553603468928009 0.11436199711755839
vn 0.10405048984356324 -0.966115372290043 0.23620876992225795
vn 0.253150552896339 -0.639794078341008 0.7256571744894816
vn 0.7716718863081126 -0.34845392426870736 0.5320736439097669
vn 0.2947513768671615 -0.3789215382458968 0.8772343436552609
vn 0.4914115190795924 -0.8226984191355039 0.28580068241316386
vn 0.8191990202361745 -0.5712880990655711 -0.050426908591920665
vn 0.6627489295260065 -0.6136254931471544 0.42921743973427273
vn 0.33671835331503325 -0.9379585028682307 -0.08279249626626553
vn 0.4914115190795924 -0.8226984191355039 0.28580068241316386
vn 0.27241134557898067 -0.9553603468928009 0.11436199711755839
vn 0.7716718863081126 -0.34845392426870736 0.5320736439097669
vn 0.9970094323752129 -0.07698064608228869 -0.006794989595952919
vn 0.806597177827311 -0.12850807009175313 0.5769633165482103
vn 2.892444108544773e-16 -0.9961269256163515 -0.08792694730351844
vn 0.33671835331503325 -0.9379585028682307 -0.08279249626626553
vn 0.27241134557898067 -0.9553603468928009 0.11436199711755839
vn 0.8191990202361745 -0.5712880990655711 -0.050426908591920665
vn 0.7716718863081126 -0.34845392426870736 0.5320736439097669
vn 0.6627489295260065 -0.6136254931471544 0.42921743973427273
vn 2.892444108544773e-16 -0.9961269256163515 -0.08792694730351844
vn 0.27240877597679936 -0.9205564687346279 -0.2799450779021736
vn 0.33671835331503325 -0.9379585028682307 -0.08279249626626553
vn 0.6627433458847185 -0.5289537160104064 -0.5300747341689762
vn 0.9538386402882745 -0.2991564171738083 -0.02640618027557248
vn 0.8191990202361745 -0.5712880990655711 -0.050426908591920665
vn 0.49141150822734614 -0.7599131320410795 -0.4254959004893488
vn 0.8191990202361745 -0.5712880990655711 -0.050426908591920665
vn 0.6074204330246596 -0.7913038300063776 -0.06984744921164099
vn 0.33671835331503325 -0.9379585028682307 -0.08279249626626553
vn 0.49141150822734614 -0.7599131320410795 -0.4254959004893488
vn 0.6074204330246596 -0.7913038300063776 -0.06984744921164099
vn 0.9538386402882745 -0.2991564171738083 -0.02640618027557248
vn 0.8065937254952957 -0.025452973304191856 -0.5905579634054525
vn 0.9970094323752129 -0.07698064608228869 -0.006794989595952919
vn 0.7716718737104418 -0.24986121249731716 -0.584886222964421
vn 0.30809095285771637 0.00639254555857383 -0.9513354298713497
vn 0.8065937254952957 -0.025452973304191856 -0.5905579634054525
vn 2.892444108544773e-16 -0.9961269256163515 -0.08792694730351844
vn 0.10404951017265582 -0.9098010587552672 -0.40179065808033076
vn 0.27240877597679936 -0.9205564687346279 -0.2799450779021736
vn 0.2531505591656523 -0.5027860172328132 -0.8265113521720575
vn 0.7716718737104418 -0.24986121249731716 -0.584886222964421
vn 0.6627433458847185 -0.5289537160104064 -0.5300747341689762
vn 0.18770031603781143 -0.7405100552203079 -0.645301053367281
vn 0.6627433458847185 -0.5289537160104064 -0.5300747341689762
vn 0.49141150822734614 -0.7599131320410795 -0.4254959004893488
vn 0.10404951017265582 -0.9098010587552672 -0.40179065808033076
vn 0.49141150822734614 -0.7599131320410795 -0.4254959004893488
vn 0.27240877597679936 -0.9205564687346279 -0.2799450779021736
vn -0.10404951017265582 -0.9098010587552672 -0.40179065808033076
vn 0.18770031603781143 -0.7405100552203079 -0.645301053367281
vn 0.10404951017265582 -0.9098010587552672 -0.40179065808033076
vn 0.294751379730312 -0.21939493270854912 -0.9300470351809572
vn -0.30809095285771637 0.00639254555857383 -0.9513354298713497
vn 0.30809095285771637 0.00639254555857383 -0.9513354298713497
vn 2.892444108544773e-16 -0.9961269256163515 -0.08792694730351844
vn -0.10404951017265582 -0.9098010587552672 -0.40179065808033076
vn 0.10404951017265582 -0.9098010587552672 -0.40179065808033076
vn -0.2531505591656523 -0.5027860172328132 -0.8265113521720575
vn 0.294751379730312 -0.21939493270854912 -0.9300470351809572
vn 0.2531505591656523 -0.5027860172328132 -0.8265113521720575
vn 0.18770031603781143 -0.7405100552203079 -0.645301053367281
vn -0.2531505591656523 -0.5027860172328132 -0.8265113521720575
vn 0.2531505591656523 -0.5027860172328132 -0.8265113521720575
vn -0.27240877597679936 -0.9205564687346279 -0.2799450779021736
vn -0.18770031603781143 -0.7405100552203079 -0.645301053367281
vn -0.10404951017265582 -0.9098010587552672 -0.40179065808033076
vn -0.7716718737104418 -0.24986121249731716 -0.584886222964421
vn -0.30809095285771637 0.00639254555857383 -0.9513354298713497
vn -0.294751379730312 -0.21939493270854912 -0.9300470351809572
vn 2.892444108544773e-16 -0.9961269256163515 -0.08792694730351844
vn -0.27240877597679936 -0.9205564687346279 -0.2799450779021736
vn -0.10404951017265582 -0.9098010587552672 -0.40179065808033076
vn -0.2531505591656523 -0.5027860172328132 -0.8265113521720575
vn -0.7716718737104418 -0.24986121249731716 -0.584886222964421
vn -0.294751379730312 -0.21939493270854912 -0.9300470351809572
vn -0.49141150822734614 -0.7599131320410795 -0.4254959004893488
vn -0.2531505591656523 -0.5027860172328132 -0.8265113521720575
vn -0.18770031603781143 -0.7405100552203079 -0.645301053367281
vn -0.49141150822734614 -0.7599131320410795 -0.4254959004893488
vn -0.8191990202361745 -0.5712880990655711 -0.050426908591920665
vn -0.6627489360527072 -0.5289502080685189 -0.5300712453484674
vn -0.33671835331503325 -0.9379585028682307 -0.08279249626626553
vn -0.49141150822734614 -0.7599131320410795 -0.4254959004893488
vn -0.27240877597679936 -0.9205564687346279 -0.2799450779021736
vn -0.9538386402882745 -0.2991564171738083 -0.02640618027557248
vn -0.8065971942347291 -0.025452768181299754 -0.5905532345560153
vn -0.7716718737104418 -0.24986121249731716 -0.584886222964421
vn 2.892444108544773e-16 -0.9961269256163515 -0.08792694730351844
vn -0.33671835331503325 -0.9379585028682307 -0.08279249626626553
vn -0.27240877597679936 -0.9205564687346279 -0.2799450779021736
vn -0.6627489360527072 -0.5289502080685189 -0.5300712453484674
vn -0.9538386402882745 -0.2991564171738083 -0.02640618027557248
vn -0.7716718737104418 -0.24986121249731716 -0.584886222964421
vn 0.3080909560187736 0.16035437434065405 -0.9377454011880066
vn -0.30901870126800046 0.08362345182015442 -0.9473724508198035
vn -0.30809998839593356 0.16035389051547055 -0.9377425163374955
vn 0.30901870126800046 0.08362345182015442 -0.9473724508198035
vn -0.30901870126800046 0.08362345182015442 -0.9473724508198035
vn 0.30901870126800046 0.08362345182015442 -0.9473724508198035
vn 0.3090096379776519 0.08362370151792725 -0.9473753850408828
vn -0.30901870126800046 0.08362345182015442 -0.9473724508198035
vn 0.30901870126800046 0.08362345182015442 -0.9473724508198035
vn 0.30901870126800046 0.08362345182015442 -0.9473724508198035
vn -0.3090096379776519 0.08362370151792725 -0.9473753850408828
vn 0.3090096379776519 0.08362370151792725 -0.9473753850408828
vn 0.30901870126800046 0.08362345182015442 -0.9473724508198035
vn -0.30901870126800046 0.08362345182015442 -0.9473724508198035
vn 0.30901870126800046 0.08362345182015442 -0.9473724508198035
vn 0.30809095285771637 -0.00639254555857383 0.9513354298713497
vn 0.8090123327771064 -0.05168272893221841 0.5855151073581817
vn 0.8065971942347291 0.025452768181299754 0.5905532345560153
vn 0.30901870126800046 -0.08362345182015442 0.9473724508198035
vn 0.8090123327771064 -0.05168272893221841 0.5855151073581817
vn 0.30901870126800046 -0.08362345182015442 0.9473724508198035
vn 0.30901870126800046 -0.08362345182015442 0.9473724508198035
vn 0.8090157698355893 -0.051682314673248665 0.5855103948755681
vn 0.30901870126800046 -0.08362345182015442 0.9473724508198035
vn 0.30901870126800046 -0.08362345182015442 0.9473724508198035
vn 0.8090157698355893 -0.051682314673248665 0.5855103948755681
vn 0.8090205095118157 -0.051681726653271136 0.5855038977832502
vn 0.30901870126800046 -0.08362345182015442 0.9473724508198035
vn 0.8090123327771064 -0.05168272893221841 0.5855151073581817
vn 0.8090157698355893 -0.051682314673248665 0.5855103948755681
vn -0.8090123327771064 -0.05168272893221841 0.5855151073581817
vn -0.30809095285771637 -0.00639254555857383 0.9513354298713497
vn -0.8065971942347291 0.025452768181299754 0.5905532345560153
vn -0.8090157698355893 -0.051682314673248665 0.5855103948755681
vn -0.3090096379776519 -0.08362370151792725 0.9473753850408828
vn -0.8090123327771064 -0.05168272893221841 0.5855151073581817
vn -0.8090157698355893 -0.051682314673248665 0.5855103948755681
vn -0.30901870126800046 -0.08362345182015442 0.9473724508198035
vn -0.8090157698355893 -0.051682314673248665 0.5855103948755681
vn -0.8090157698355893 -0.051682314673248665 0.5855103948755681
vn -0.30901870126800046 -0.08362345182015442 0.9473724508198035
vn -0.8090157698355893 -0.051682314673248665 0.5855103948755681
vn -0.8090123327771064 -0.05168272893221841 0.5855151073581817
vn -0.30901870126800046 -0.08362345182015442 0.9473724508198035
vn -0.8090157698355893 -0.051682314673248665 0.5855103948755681
vn -0.8090205095118157 0.051681726653271136 -0.5855038977832502
vn -0.9970094323752129 0.07698064608228869 0.006794989595952919
vn -0.806597177827311 0.12850807009175313 -0.5769633165482103
vn -0.8090157698355893 0.051682314673248665 -0.5855103948755681
vn -1 -2.5785130437760995e-16 -3.683943661198908e-16
vn -0.8090205095118157 0.051681726653271136 -0.5855038977832502
vn -0.8090123327771064 0.05168272893221841 -0.5855151073581817
vn -1 -2.5785130437760995e-16 -3.683943661198908e-16
vn -0.8090157698355893 0.051682314673248665 -0.5855103948755681
vn -0.8090157698355893 0.051682314673248665 -0.5855103948755681
vn -1 -2.5785130437760995e-16 -3.683943661198908e-16
vn -0.8090123327771064 0.05168272893221841 -0.5855151073581817
vn -0.8090205095118157 0.051681726653271136 -0.5855038977832502
vn -1 -2.5785130437760995e-16 -3.683943661198908e-16
vn -0.8090157698355893 0.051682314673248665 -0.5855103948755681
vn -0.3090096379776519 -0.08362370151792725 0.9473753850408828
vn 0.30809095285771637 -0.00639254555857383 0.9513354298713497
vn -0.30809095285771637 -0.00639254555857383 0.9513354298713497
vn -0.3090096379776519 -0.08362370151792725 0.9473753850408828
vn 0.30901870126800046 -0.08362345182015442 0.9473724508198035
vn 0.30901870126800046 -0.08362345182015442 0.9473724508198035
vn -0.30901870126800046 -0.08362345182015442 0.9473724508198035
vn 0.30901870126800046 -0.08362345182015442 0.9473724508198035
vn 0.30901870126800046 -0.08362345182015442 0.9473724508198035
vn -0.30901870126800046 -0.08362345182015442 0.9473724508198035
vn 0.30901870126800046 -0.08362345182015442 0.9473724508198035
vn 0.30901870126800046 -0.08362345182015442 0.9473724508198035
vn -0.30901870126800046 -0.08362345182015442 0.9473724508198035
vn 0.3090096379776519 -0.08362370151792725 0.9473753850408828
vn 0.30901870126800046 -0.08362345182015442 0.9473724508198035
vn -0.30901870126800046 0.08362345182015442 -0.9473724508198035
vn -0.806597177827311 0.12850807009175313 -0.5769633165482103
vn -0.30809998839593356 0.16035389051547055 -0.9377425163374955
vn -0.30901870126800046 0.08362345182015442 -0.9473724508198035
vn -0.8090157698355893 0.051682314673248665 -0.5855103948755681
vn -0.8090205095118157 0.051681726653271136 -0.5855038977832502
vn -0.30901870126800046 0.08362345182015442 -0.9473724508198035
vn -0.8090123327771064 0.05168272893221841 -0.5855151073581817
vn -0.8090157698355893 0.051682314673248665 -0.5855103948755681
vn -0.30901870126800046 0.08362345182015442 -0.9473724508198035
vn -0.8090123327771064 0.05168272893221841 -0.5855151073581817
vn -0.3090096379776519 0.08362370151792725 -0.9473753850408828
vn -0.30901870126800046 0.08362345182015442 -0.9473724508198035
vn -0.8090157698355893 0.051682314673248665 -0.5855103948755681
vn -0.30901870126800046 0.08362345182015442 -0.9473724508198035
vn 1 2.5785130437760995e-16 3.683943661198908e-16
vn 0.8066019226536498 0.12850793469653657 -0.5769567133602538
vn 0.9970094323752129 0.07698064608228869 0.006794989595952919
vn 1 2.5785130437760995e-16 3.683943661198908e-16
vn 0.8090157698355893 0.051682314673248665 -0.5855103948755681
vn 1 2.5785130437760995e-16 3.683943661198908e-16
vn 1 2.5785130437760995e-16 3.683943661198908e-16
vn 0.8090157698355893 0.051682314673248665 -0.5855103948755681
vn 0.8090123327771064 0.05168272893221841 -0.5855151073581817
vn 1 2.5785130437760995e-16 3.683943661198908e-16
vn 0.8090157698355893 0.051682314673248665 -0.5855103948755681
vn 1 2.5785130437760995e-16 3.683943661198908e-16
vn 1 2.5785130437760995e-16 3.683943661198908e-16
vn 0.8090205095118157 0.051681726653271136 -0.5855038977832502
vn 1 2.5785130437760995e-16 3.683943661198908e-16
vn -1 -2.5785130437760995e-16 -3.683943661198908e-16
vn -0.8065971942347291 0.025452768181299754 0.5905532345560153
vn -0.9970094323752129 0.07698064608228869 0.006794989595952919
vn -1 -2.5785130437760995e-16 -3.683943661198908e-16
vn -0.8090157698355893 -0.051682314673248665 0.5855103948755681
vn -0.8090123327771064 -0.05168272893221841 0.5855151073581817
vn -1 -2.5785130437760995e-16 -3.683943661198908e-16
vn -0.8090157698355893 -0.051682314673248665 0.5855103948755681
vn -0.8090157698355893 -0.051682314673248665 0.5855103948755681
vn -1 -2.5785130437760995e-16 -3.683943661198908e-16
vn -0.8090157698355893 -0.051682314673248665 0.5855103948755681
vn -0.8090157698355893 -0.051682314673248665 0.5855103948755681
vn -1 -2.5785130437760995e-16 -3.683943661198908e-16
vn -0.8090123327771064 -0.05168272893221841 0.5855151073581817
vn -0.8090157698355893 -0.051682314673248665 0.5855103948755681
vn 0.8065971942347291 0.025452768181299754 0.5905532345560153
vn 1 2.5785130437760995e-16 3.683943661198908e-16
vn 0.9970094323752129 0.07698064608228869 0.006794989595952919
vn 0.8090123327771064 -0.05168272893221841 0.5855151073581817
vn 1 2.5785130437760995e-16 3.683943661198908e-16
vn 1 2.5785130437760995e-16 3.683943661198908e-16
vn 0.8090157698355893 -0.051682314673248665 0.5855103948755681
vn 1 2.5785130437760995e-16 3.683943661198908e-16
vn 1 2.5785130437760995e-16 3.683943661198908e-16
vn 0.8090205095118157 -0.051681726653271136 0.5855038977832502
vn 1 2.5785130437760995e-16 3.683943661198908e-16
vn 1 2.5785130437760995e-16 3.683943661198908e-16
vn 0.8090157698355893 -0.051682314673248665 0.5855103948755681
vn 1 2.5785130437760995e-16 3.683943661198908e-16
vn 1 2.5785130437760995e-16 3.683943661198908e-16
vn 0.8090157698355893 0.051682314673248665 -0.5855103948755681
vn 0.3080909560187736 0.16035437434065405 -0.9377454011880066
vn 0.8066019226536498 0.12850793469653657 -0.5769567133602538
vn 0.8090123327771064 0.05168272893221841 -0.5855151073581817
vn 0.30901870126800046 0.08362345182015442 -0.9473724508198035
vn 0.8090157698355893 0.051682314673248665 -0.5855103948755681
vn 0.8090157698355893 0.051682314673248665 -0.5855103948755681
vn 0.30901870126800046 0.08362345182015442 -0.9473724508198035
vn 0.8090123327771064 0.05168272893221841 -0.5855151073581817
vn 0.8090157698355893 0.051682314673248665 -0.5855103948755681
vn 0.30901870126800046 0.08362345182015442 -0.9473724508198035
vn 0.3090096379776519 0.08362370151792725 -0.9473753850408828
vn 0.8090157698355893 0.051682314673248665 -0.5855103948755681
vn 0.30901870126800046 0.08362345182015442 -0.9473724508198035
vn 0.8090205095118157 0.051681726653271136 -0.5855038977832502
vn -0.6074204330246596 0.7913038300063776 0.06984744921164099
vn -0.49141150822734614 0.7599131320410795 0.4254959004893488
vn -0.27240877597679936 0.9205564687346279 0.2799450779021736
vn -0.8191990202361745 0.5712880990655711 0.050426908591920665
vn -0.6627489360527072 0.5289502080685189 0.5300712453484674
vn -0.49141150822734614 0.7599131320410795 0.4254959004893488
vn -0.9538386402882745 0.2991564171738083 0.02640618027557248
vn -0.7716718737104418 0.24986121249731716 0.584886222964421
vn -0.6627489360527072 0.5289502080685189 0.5300712453484674
vn -0.8065971942347291 0.025452768181299754 0.5905532345560153
vn -0.7716718737104418 0.24986121249731716 0.584886222964421
vn -0.9538386402882745 0.2991564171738083 0.02640618027557248
vn -0.2531505591656523 0.5027860172328132 0.8265113521720575
vn -0.18770031603781143 0.7405100552203079 0.645301053367281
vn -0.49141150822734614 0.7599131320410795 0.4254959004893488
vn -0.7716718737104418 0.24986121249731716 0.584886222964421
vn -0.294751379730312 0.21939493270854912 0.9300470351809572
vn -0.2531505591656523 0.5027860172328132 0.8265113521720575
vn -0.30809095285771637 -0.00639254555857383 0.9513354298713497
vn -0.294751379730312 0.21939493270854912 0.9300470351809572
vn -0.7716718737104418 0.24986121249731716 0.584886222964421
vn -0.49141150822734614 0.7599131320410795 0.4254959004893488
vn -0.18770031603781143 0.7405100552203079 0.645301053367281
vn -0.10404951017265582 0.9098010587552672 0.40179065808033076
vn 0.30809095285771637 -0.00639254555857383 0.9513354298713497
vn 0.294751379730312 0.21939493270854912 0.9300470351809572
vn -0.294751379730312 0.21939493270854912 0.9300470351809572
vn -0.18770031603781143 0.7405100552203079 0.645301053367281
vn 0.18770031603781143 0.7405100552203079 0.645301053367281
vn 0.10404951017265582 0.9098010587552672 0.40179065808033076
vn -0.2531505591656523 0.5027860172328132 0.8265113521720575
vn 0.2531505591656523 0.5027860172328132 0.8265113521720575
vn 0.18770031603781143 0.7405100552203079 0.645301053367281
vn 0.294751379730312 0.21939493270854912 0.9300470351809572
vn 0.2531505591656523 0.5027860172328132 0.8265113521720575
vn -0.2531505591656523 0.5027860172328132 0.8265113521720575
vn 0.30809095285771637 -0.00639254555857383 0.9513354298713497
vn 0.8065971942347291 0.025452768181299754 0.5905532345560153
vn 0.7716718737104418 0.24986121249731716 0.584886222964421
vn 0.49141150822734614 0.7599131320410795 0.4254959004893488
vn 0.27240877597679936 0.9205564687346279 0.2799450779021736
vn 0.10404951017265582 0.9098010587552672 0.40179065808033076
vn 0.2531505591656523 0.5027860172328132 0.8265113521720575
vn 0.6627489360527072 0.5289502080685189 0.5300712453484674
vn 0.49141150822734614 0.7599131320410795 0.4254959004893488
vn 0.7716718737104418 0.24986121249731716 0.584886222964421
vn 0.6627489360527072 0.5289502080685189 0.5300712453484674
vn 0.2531505591656523 0.5027860172328132 0.8265113521720575
vn 0.7716718737104418 0.24986121249731716 0.584886222964421
vn 0.9538386402882745 0.2991564171738083 0.02640618027557248
vn 0.8191990202361745 0.5712880990655711 0.050426908591920665
vn 0.8065971942347291 0.025452768181299754 0.5905532345560153
vn 0.9970094323752129 0.07698064608228869 0.006794989595952919
vn 0.9538386402882745 0.2991564171738083 0.02640618027557248
vn 0.49141150822734614 0.7599131320410795 0.4254959004893488
vn 0.6074204330246596 0.7913038300063776 0.06984744921164099
vn 0.33671835331503325 0.9379585028682307 0.08279249626626553
vn 0.8191990202361745 0.5712880990655711 0.050426908591920665
vn 0.6074204330246596 0.7913038300063776 0.06984744921164099
vn 0.49141150822734614 0.7599131320410795 0.4254959004893488
vn 0.7716718863081126 0.34845392426870736 -0.5320736439097669
vn 0.6627489295260065 0.6136254931471544 -0.42921743973427273
vn 0.8191990202361745 0.5712880990655711 0.050426908591920665
vn 0.9970094323752129 0.07698064608228869 0.006794989595952919
vn 0.8066019226536498 0.12850793469653657 -0.5769567133602538
vn 0.7716718863081126 0.34845392426870736 -0.5320736439097669
vn 0.4914115190795924 0.8226984191355039 -0.28580068241316386
vn 0.27240878075244335 0.9553613113442161 -0.11436004964858706
vn 0.33671835331503325 0.9379585028682307 0.08279249626626553
vn 0.6627489295260065 0.6136254931471544 -0.42921743973427273
vn 0.4914115190795924 0.8226984191355039 -0.28580068241316386
vn 0.6074204330246596 0.7913038300063776 0.06984744921164099
vn 0.6627489295260065 0.6136254931471544 -0.42921743973427273
vn 0.2531485918897004 0.6397899740908892 -0.7256614771896336
vn 0.18770031936501666 0.8420992510364258 -0.5056060141198494
vn 0.2947504894533961 0.3789303602148521 -0.8772308311239556
vn 0.2531485918897004 0.6397899740908892 -0.7256614771896336
vn 0.6627489295260065 0.6136254931471544 -0.42921743973427273
vn 0.3080909560187736 0.16035437434065405 -0.9377454011880066
vn 0.2947504894533961 0.3789303602148521 -0.8772308311239556
vn 0.7716718863081126 0.34845392426870736 -0.5320736439097669
vn 0.4914115190795924 0.8226984191355039 -0.28580068241316386
vn 0.18770031936501666 0.8420992510364258 -0.5056060141198494
vn 0.10404951140528375 0.9661162330360226 -0.2362056803732874
vn -0.18770031936501666 0.8420992510364258 -0.5056060141198494
vn -0.10404951140528375 0.9661162330360226 -0.2362056803732874
vn 0.10404951140528375 0.9661162330360226 -0.2362056803732874
vn -0.2531392581142622 0.6397915700027748 -0.7256633261745737
vn -0.18770031936501666 0.8420992510364258 -0.5056060141198494
vn 0.18770031936501666 0.8420992510364258 -0.5056060141198494
vn -0.2947504894533961 0.3789303602148521 -0.8772308311239556
vn -0.2531392581142622 0.6397915700027748 -0.7256633261745737
vn 0.2531485918897004 0.6397899740908892 -0.7256614771896336
vn -0.30809998839593356 0.16035389051547055 -0.9377425163374955
vn -0.2947504894533961 0.3789303602148521 -0.8772308311239556
vn 0.2947504894533961 0.3789303602148521 -0.8772308311239556
vn -0.806597177827311 0.12850807009175313 -0.5769633165482103
vn -0.7716718863081126 0.34845392426870736 -0.5320736439097669
vn -0.2947504894533961 0.3789303602148521 -0.8772308311239556
vn -0.18770031936501666 0.8420992510364258 -0.5056060141198494
vn -0.4914115190795924 0.8226984191355039 -0.28580068241316386
vn -0.27240878075244335 0.9553613113442161 -0.11436004964858706
vn 0.8065937254952957 -0.025452973304191856 -0.5905579634054525
vn 0.30809095285771637 0.00639254555857383 -0.9513354298713497
vn 0.30901870126800046 0.08362345182015442 -0.9473724508198035
vn 0.8090123327771064 -0.05168272893221841 0.5855151073581817
vn 0.806597177827311 -0.12850807009175313 0.5769633165482103
vn 0.9970094323752129 -0.07698064608228869 -0.006794989595952919
vn -0.662743331980264 0.6136295545061073 -0.4292202764925418
vn -0.4914115190795924 0.8226984191355039 -0.28580068241316386
vn -0.18770031936501666 0.8420992510364258 -0.5056060141198494
vn -1 -2.5785130437760995e-16 -3.683943661198908e-16
vn -0.9970094323752129 -0.07698064608228869 -0.006794989595952919
vn -0.8066019226536498 -0.12850793469653657 0.5769567133602538
vn 0.9970094323752129 -0.07698064608228869 -0.006794989595952919
vn 0.8065937254952957 -0.025452973304191856 -0.5905579634054525
vn 0.8090157698355893 0.051682314673248665 -0.5855103948755681
vn -0.2947504894533961 0.3789303602148521 -0.8772308311239556
vn -0.7716718863081126 0.34845392426870736 -0.5320736439097669
vn -0.662743331980264 0.6136295545061073 -0.4292202764925418
vn -0.30901870126800046 0.08362345182015442 -0.9473724508198035
vn -0.30809095285771637 0.00639254555857383 -0.9513354298713497
vn -0.8065971942347291 -0.025452768181299754 -0.5905532345560153
vn -0.3090096379776519 -0.08362370151792725 0.9473753850408828
vn -0.30809998839593356 -0.16035389051547055 0.9377425163374955
vn 0.3080909560187736 -0.16035437434065405 0.9377454011880066
vn -0.9970094323752129 0.07698064608228869 0.006794989595952919
vn -0.9538386402882745 0.2991564171738083 0.02640618027557248
vn -0.7716718863081126 0.34845392426870736 -0.5320736439097669
vn -0.6074204330246596 0.7913038300063776 0.06984744921164099
vn -0.33671835331503325 0.9379585028682307 0.08279249626626553
vn -0.27240878075244335 0.9553613113442161 -0.11436004964858706
vn -0.8065971942347291 -0.025452768181299754 -0.5905532345560153
vn -0.9970094323752129 -0.07698064608228869 -0.006794989595952919
vn -1 -2.5785130437760995e-16 -3.683943661198908e-16
vn -0.8090123327771064 -0.05168272893221841 0.5855151073581817
vn -0.8066019226536498 -0.12850793469653657 0.5769567133602538
vn -0.30809998839593356 -0.16035389051547055 0.9377425163374955
vn -0.662743331980264 0.6136295545061073 -0.4292202764925418
vn -0.8191990202361745 0.5712880990655711 0.050426908591920665
vn -0.6074204330246596 0.7913038300063776 0.06984744921164099
vn 0.3080909560187736 -0.16035437434065405 0.9377454011880066
vn 0.806597177827311 -0.12850807009175313 0.5769633165482103
vn 0.8090123327771064 -0.05168272893221841 0.5855151073581817
vn 0.30809095285771637 0.00639254555857383 -0.9513354298713497
vn -0.30809095285771637 0.00639254555857383 -0.9513354298713497
vn -0.30901870126800046 0.08362345182015442 -0.9473724508198035
vn -0.9538386402882745 0.2991564171738083 0.02640618027557248
vn -0.8191990202361745 0.5712880990655711 0.050426908591920665
vn -0.662743331980264 0.6136295545061073 -0.4292202764925418
vn -0.33671835331503325 -0.9379585028682307 -0.08279249626626553
vn -0.27240878075244335 -0.9553613113442161 0.11436004964858706
vn -0.4914115190795924 -0.8226984191355039 0.28580068241316386
vn -0.7716718863081126 -0.34845392426870736 0.5320736439097669
vn -0.8066019226536498 -0.12850793469653657 0.5769567133602538
vn -0.9970094323752129 -0.07698064608228869 -0.006794989595952919
vn -0.8191990202361745 -0.5712880990655711 -0.050426908591920665
vn -0.6627489295260065 -0.6136254931471544 0.42921743973427273
vn -0.7716718863081126 -0.34845392426870736 0.5320736439097669
vn -0.6074204330246596 -0.7913038300063776 -0.06984744921164099
vn -0.4914115190795924 -0.8226984191355039 0.28580068241316386
vn -0.6627489295260065 -0.6136254931471544 0.42921743973427273
vn -0.10405048984356324 -0.966115372290043 0.23620876992225795
vn -0.18770031936501666 -0.8420992510364258 0.5056060141198494
vn -0.4914115190795924 -0.8226984191355039 0.28580068241316386
vn -0.2947504894533961 -0.3789303602148521 0.8772308311239556
vn -0.30809998839593356 -0.16035389051547055 0.9377425163374955
vn -0.8066019226536498 -0.12850793469653657 0.5769567133602538
vn -0.6627489295260065 -0.6136254931471544 0.42921743973427273
vn -0.253150552896339 -0.639794078341008 0.7256571744894816
vn -0.2947504894533961 -0.3789303602148521 0.8772308311239556
vn -0.4914115190795924 -0.8226984191355039 0.28580068241316386
vn -0.18770031936501666 -0.8420992510364258 0.5056060141198494
vn -0.253150552896339 -0.639794078341008 0.7256571744894816
vn 0.10405048984356324 -0.966115372290043 0.23620876992225795
vn 0.18770031936501666 -0.8420992510364258 0.5056060141198494
vn -0.18770031936501666 -0.8420992510364258 0.5056060141198494
vn -0.2947504894533961 -0.3789303602148521 0.8772308311239556
vn 0.2947513768671615 -0.3789215382458968 0.8772343436552609
vn 0.3080909560187736 -0.16035437434065405 0.9377454011880066
vn -0.253150552896339 -0.639794078341008 0.7256571744894816
vn 0.253150552896339 -0.639794078341008 0.7256571744894816
vn 0.2947513768671615 -0.3789215382458968 0.8772343436552609
vn -0.18770031936501666 -0.8420992510364258 0.5056060141198494
vn 0.18770031936501666 -0.8420992510364258 0.5056060141198494
vn 0.253150552896339 -0.639794078341008 0.7256571744894816
vn 0.4914115190795924 -0.8226984191355039 0.28580068241316386
vn 0.6627489295260065 -0.6136254931471544 0.42921743973427273
vn 0.253150552896339 -0.639794078341008 0.7256571744894816
vn 0.27241134557898067 -0.9553603468928009 0.11436199711755839
vn 0.4914115190795924 -0.8226984191355039 0.28580068241316386
vn 0.18770031936501666 -0.8420992510364258 0.5056060141198494
vn 0.7716718863081126 -0.34845392426870736 0.5320736439097669
vn 0.806597177827311 -0.12850807009175313 0.5769633165482103
vn 0.3080909560187736 -0.16035437434065405 0.9377454011880066
vn 0.253150552896339 -0.639794078341008 0.7256571744894816
vn 0.6627489295260065 -0.6136254931471544 0.42921743973427273
vn 0.7716718863081126 -0.34845392426870736 0.5320736439097669
vn 0.4914115190795924 -0.8226984191355039 0.28580068241316386
vn 0.6074204330246596 -0.7913038300063776 -0.06984744921164099
vn 0.8191990202361745 -0.5712880990655711 -0.050426908591920665
vn 0.33671835331503325 -0.9379585028682307 -0.08279249626626553
vn 0.6074204330246596 -0.7913038300063776 -0.06984744921164099
vn 0.4914115190795924 -0.8226984191355039 0.28580068241316386
vn 0.7716718863081126 -0.34845392426870736 0.5320736439097669
vn 0.9538386402882745 -0.2991564171738083 -0.02640618027557248
vn 0.9970094323752129 -0.07698064608228869 -0.006794989595952919
vn 0.8191990202361745 -0.5712880990655711 -0.050426908591920665
vn 0.9538386402882745 -0.2991564171738083 -0.02640618027557248
vn 0.7716718863081126 -0.34845392426870736 0.5320736439097669
vn 0.6627433458847185 -0.5289537160104064 -0.5300747341689762
vn 0.7716718737104418 -0.24986121249731716 -0.584886222964421
vn 0.9538386402882745 -0.2991564171738083 -0.02640618027557248
vn 0.49141150822734614 -0.7599131320410795 -0.4254959004893488
vn 0.6627433458847185 -0.5289537160104064 -0.5300747341689762
vn 0.8191990202361745 -0.5712880990655711 -0.050426908591920665
vn 0.33671835331503325 -0.9379585028682307 -0.08279249626626553
vn 0.27240877597679936 -0.9205564687346279 -0.2799450779021736
vn 0.49141150822734614 -0.7599131320410795 -0.4254959004893488
vn 0.9538386402882745 -0.2991564171738083 -0.02640618027557248
vn 0.7716718737104418 -0.24986121249731716 -0.584886222964421
vn 0.8065937254952957 -0.025452973304191856 -0.5905579634054525
vn 0.7716718737104418 -0.24986121249731716 -0.584886222964421
vn 0.294751379730312 -0.21939493270854912 -0.9300470351809572
vn 0.30809095285771637 0.00639254555857383 -0.9513354298713497
vn 0.2531505591656523 -0.5027860172328132 -0.8265113521720575
vn 0.294751379730312 -0.21939493270854912 -0.9300470351809572
vn 0.7716718737104418 -0.24986121249731716 -0.584886222964421
vn 0.18770031603781143 -0.7405100552203079 -0.645301053367281
vn 0.2531505591656523 -0.5027860172328132 -0.8265113521720575
vn 0.6627433458847185 -0.5289537160104064 -0.5300747341689762
vn 0.10404951017265582 -0.9098010587552672 -0.40179065808033076
vn 0.18770031603781143 -0.7405100552203079 -0.645301053367281
vn 0.49141150822734614 -0.7599131320410795 -0.4254959004893488
vn -0.10404951017265582 -0.9098010587552672 -0.40179065808033076
vn -0.18770031603781143 -0.7405100552203079 -0.645301053367281
vn 0.18770031603781143 -0.7405100552203079 -0.645301053367281
vn 0.294751379730312 -0.21939493270854912 -0.9300470351809572
vn -0.294751379730312 -0.21939493270854912 -0.9300470351809572
vn -0.30809095285771637 0.00639254555857383 -0.9513354298713497
vn -0.2531505591656523 -0.5027860172328132 -0.8265113521720575
vn -0.294751379730312 -0.21939493270854912 -0.9300470351809572
vn 0.294751379730312 -0.21939493270854912 -0.9300470351809572
vn 0.18770031603781143 -0.7405100552203079 -0.645301053367281
vn -0.18770031603781143 -0.7405100552203079 -0.645301053367281
vn -0.2531505591656523 -0.5027860172328132 -0.8265113521720575
vn -0.27240877597679936 -0.9205564687346279 -0.2799450779021736
vn -0.49141150822734614 -0.7599131320410795 -0.4254959004893488
vn -0.18770031603781143 -0.7405100552203079 -0.645301053367281
vn -0.7716718737104418 -0.24986121249731716 -0.584886222964421
vn -0.8065971942347291 -0.025452768181299754 -0.5905532345560153
vn -0.30809095285771637 0.00639254555857383 -0.9513354298713497
vn -0.2531505591656523 -0.5027860172328132 -0.8265113521720575
vn -0.6627489360527072 -0.5289502080685189 -0.5300712453484674
vn -0.7716718737104418 -0.24986121249731716 -0.584886222964421
vn -0.49141150822734614 -0.7599131320410795 -0.4254959004893488
vn -0.6627489360527072 -0.5289502080685189 -0.5300712453484674
vn -0.2531505591656523 -0.5027860172328132 -0.8265113521720575
vn -0.49141150822734614 -0.7599131320410795 -0.4254959004893488
vn -0.6074204330246596 -0.7913038300063776 -0.06984744921164099
vn -0.8191990202361745 -0.5712880990655711 -0.050426908591920665
vn -0.33671835331503325 -0.9379585028682307 -0.08279249626626553
vn -0.6074204330246596 -0.7913038300063776 -0.06984744921164099
vn -0.49141150822734614 -0.7599131320410795 -0.4254959004893488
vn -0.9538386402882745 -0.2991564171738083 -0.02640618027557248
vn -0.9970094323752129 -0.07698064608228869 -0.006794989595952919
vn -0.8065971942347291 -0.025452768181299754 -0.5905532345560153
vn -0.6627489360527072 -0.5289502080685189 -0.5300712453484674
vn -0.8191990202361745 -0.5712880990655711 -0.050426908591920665
vn -0.9538386402882745 -0.2991564171738083 -0.02640618027557248
vn 0.3080909560187736 0.16035437434065405 -0.9377454011880066
vn 0.30901870126800046 0.08362345182015442 -0.9473724508198035
vn -0.30901870126800046 0.08362345182015442 -0.9473724508198035
vn 0.30901870126800046 0.08362345182015442 -0.9473724508198035
vn -0.30901870126800046 0.08362345182015442 -0.9473724508198035
vn -0.30901870126800046 0.08362345182015442 -0.9473724508198035
vn 0.3090096379776519 0.08362370151792725 -0.9473753850408828
vn -0.3090096379776519 0.08362370151792725 -0.9473753850408828
vn -0.30901870126800046 0.08362345182015442 -0.9473724508198035
vn 0.30901870126800046 0.08362345182015442 -0.9473724508198035
vn -0.30901870126800046 0.08362345182015442 -0.9473724508198035
vn -0.3090096379776519 0.08362370151792725 -0.9473753850408828
vn 0.30901870126800046 0.08362345182015442 -0.9473724508198035
vn -0.30901870126800046 0.08362345182015442 -0.9473724508198035
vn -0.30901870126800046 0.08362345182015442 -0.9473724508198035
vn 0.30809095285771637 -0.00639254555857383 0.9513354298713497
vn 0.30901870126800046 -0.08362345182015442 0.9473724508198035
vn 0.8090123327771064 -0.05168272893221841 0.5855151073581817
vn 0.30901870126800046 -0.08362345182015442 0.9473724508198035
vn 0.8090157698355893 -0.051682314673248665 0.5855103948755681
vn 0.8090123327771064 -0.05168272893221841 0.5855151073581817
vn 0.30901870126800046 -0.08362345182015442 0.9473724508198035
vn 0.8090205095118157 -0.051681726653271136 0.5855038977832502
vn 0.8090157698355893 -0.051682314673248665 0.5855103948755681
vn 0.30901870126800046 -0.08362345182015442 0.9473724508198035
vn 0.30901870126800046 -0.08362345182015442 0.9473724508198035
vn 0.8090157698355893 -0.051682314673248665 0.5855103948755681
vn 0.30901870126800046 -0.08362345182015442 0.9473724508198035
vn 0.3090096379776519 -0.08362370151792725 0.9473753850408828
vn 0.8090123327771064 -0.05168272893221841 0.5855151073581817
vn -0.8090123327771064 -0.05168272893221841 0.5855151073581817
vn -0.3090096379776519 -0.08362370151792725 0.9473753850408828
vn -0.30809095285771637 -0.00639254555857383 0.9513354298713497
vn -0.8090157698355893 -0.051682314673248665 0.5855103948755681
vn -0.30901870126800046 -0.08362345182015442 0.9473724508198035
vn -0.3090096379776519 -0.08362370151792725 0.9473753850408828
vn -0.8090157698355893 -0.051682314673248665 0.5855103948755681
vn -0.30901870126800046 -0.08362345182015442 0.9473724508198035
vn -0.30901870126800046 -0.08362345182015442 0.9473724508198035
vn -0.8090157698355893 -0.051682314673248665 0.5855103948755681
vn -0.30901870126800046 -0.08362345182015442 0.9473724508198035
vn -0.30901870126800046 -0.08362345182015442 0.9473724508198035
vn -0.8090123327771064 -0.05168272893221841 0.5855151073581817
vn -0.3090096379776519 -0.08362370151792725 0.9473753850408828
vn -0.30901870126800046 -0.08362345182015442 0.9473724508198035
vn -0.8090205095118157 0.051681726653271136 -0.5855038977832502
vn -1 -2.5785130437760995e-16 -3.683943661198908e-16
vn -0.9970094323752129 0.07698064608228869 0.006794989595952919
vn -0.8090157698355893 0.051682314673248665 -0.5855103948755681
vn -1 -2.5785130437760995e-16 -3.683943661198908e-16
vn -1 -2.5785130437760995e-16 -3.683943661198908e-16
vn -0.8090123327771064 0.05168272893221841 -0.5855151073581817
vn -1 -2.5785130437760995e-16 -3.683943661198908e-16
vn -1 -2.5785130437760995e-16 -3.683943661198908e-16
vn -0.8090157698355893 0.051682314673248665 -0.5855103948755681
vn -1 -2.5785130437760995e-16 -3.683943661198908e-16
vn -1 -2.5785130437760995e-16 -3.683943661198908e-16
vn -0.8090205095118157 0.051681726653271136 -0.5855038977832502
vn -1 -2.5785130437760995e-16 -3.683943661198908e-16
vn -1 -2.5785130437760995e-16 -3.683943661198908e-16
vn -0.3090096379776519 -0.08362370151792725 0.9473753850408828
vn 0.30901870126800046 -0.08362345182015442 0.9473724508198035
vn 0.30809095285771637 -0.00639254555857383 0.9513354298713497
vn -0.3090096379776519 -0.08362370151792725 0.9473753850408828
vn -0.30901870126800046 -0.08362345182015442 0.9473724508198035
vn 0.30901870126800046 -0.08362345182015442 0.9473724508198035
vn -0.30901870126800046 -0.08362345182015442 0.9473724508198035
vn -0.30901870126800046 -0.08362345182015442 0.9473724508198035
vn 0.30901870126800046 -0.08362345182015442 0.9473724508198035
vn -0.30901870126800046 -0.08362345182015442 0.9473724508198035
vn -0.30901870126800046 -0.08362345182015442 0.9473724508198035
vn 0.30901870126800046 -0.08362345182015442 0.9473724508198035
vn -0.30901870126800046 -0.08362345182015442 0.9473724508198035
vn -0.3090096379776519 -0.08362370151792725 0.9473753850408828
vn 0.3090096379776519 -0.08362370151792725 0.9473753850408828
vn -0.30901870126800046 0.08362345182015442 -0.9473724508198035
vn -0.8090205095118157 0.051681726653271136 -0.5855038977832502
vn -0.806597177827311 0.12850807009175313 -0.5769633165482103
vn -0.30901870126800046 0.08362345182015442 -0.9473724508198035
vn -0.30901870126800046 0.08362345182015442 -0.9473724508198035
vn -0.8090157698355893 0.051682314673248665 -0.5855103948755681
vn -0.30901870126800046 0.08362345182015442 -0.9473724508198035
vn -0.3090096379776519 0.08362370151792725 -0.9473753850408828
vn -0.8090123327771064 0.05168272893221841 -0.5855151073581817
vn -0.30901870126800046 0.08362345182015442 -0.9473724508198035
vn -0.8090157698355893 0.051682314673248665 -0.5855103948755681
vn -0.8090123327771064 0.05168272893221841 -0.5855151073581817
vn -0.30901870126800046 0.08362345182015442 -0.9473724508198035
vn -0.8090205095118157 0.051681726653271136 -0.5855038977832502
vn -0.8090157698355893 0.051682314673248665 -0.5855103948755681
vn 1 2.5785130437760995e-16 3.683943661198908e-16
vn 0.8090157698355893 0.051682314673248665 -0.5855103948755681
vn 0.8066019226536498 0.12850793469653657 -0.5769567133602538
vn 1 2.5785130437760995e-16 3.683943661198908e-16
vn 0.8090123327771064 0.05168272893221841 -0.5855151073581817
vn 0.8090157698355893 0.051682314673248665 -0.5855103948755681
vn 1 2.5785130437760995e-16 3.683943661198908e-16
vn 1 2.5785130437760995e-16 3.683943661198908e-16
vn 0.8090157698355893 0.051682314673248665 -0.5855103948755681
vn 1 2.5785130437760995e-16 3.683943661198908e-16
vn 0.8090205095118157 0.051681726653271136 -0.5855038977832502
vn 0.8090157698355893 0.051682314673248665 -0.5855103948755681
vn 1 2.5785130437760995e-16 3.683943661198908e-16
vn 0.8090157698355893 0.051682314673248665 -0.5855103948755681
vn 0.8090205095118157 0.051681726653271136 -0.5855038977832502
vn -1 -2.5785130437760995e-16 -3.683943661198908e-16
vn -0.8090123327771064 -0.05168272893221841 0.5855151073581817
vn -0.8065971942347291 0.025452768181299754 0.5905532345560153
vn -1 -2.5785130437760995e-16 -3.683943661198908e-16
vn -1 -2.5785130437760995e-16 -3.683943661198908e-16
vn -0.8090157698355893 -0.051682314673248665 0.5855103948755681
vn -1 -2.5785130437760995e-16 -3.683943661198908e-16
vn -1 -2.5785130437760995e-16 -3.683943661198908e-16
vn -0.8090157698355893 -0.051682314673248665 0.5855103948755681
vn -1 -2.5785130437760995e-16 -3.683943661198908e-16
vn -1 -2.5785130437760995e-16 -3.683943661198908e-16
vn -0.8090157698355893 -0.051682314673248665 0.5855103948755681
vn -1 -2.5785130437760995e-16 -3.683943661198908e-16
vn -1 -2.5785130437760995e-16 -3.683943661198908e-16
vn -0.8090123327771064 -0.05168272893221841 0.5855151073581817
vn 0.8065971942347291 0.025452768181299754 0.5905532345560153
vn 0.8090123327771064 -0.05168272893221841 0.5855151073581817
vn 1 2.5785130437760995e-16 3.683943661198908e-16
vn 0.8090123327771064 -0.05168272893221841 0.5855151073581817
vn 0.8090157698355893 -0.051682314673248665 0.5855103948755681
vn 1 2.5785130437760995e-16 3.683943661198908e-16
vn 0.8090157698355893 -0.051682314673248665 0.5855103948755681
vn 0.8090205095118157 -0.051681726653271136 0.5855038977832502
vn 1 2.5785130437760995e-16 3.683943661198908e-16
vn 0.8090205095118157 -0.051681726653271136 0.5855038977832502
vn 0.8090157698355893 -0.051682314673248665 0.5855103948755681
vn 1 2.5785130437760995e-16 3.683943661198908e-16
vn 0.8090157698355893 -0.051682314673248665 0.5855103948755681
vn 0.8090123327771064 -0.05168272893221841 0.5855151073581817
vn 1 2.5785130437760995e-16 3.683943661198908e-16
vn 0.8090157698355893 0.051682314673248665 -0.5855103948755681
vn 0.30901870126800046 0.08362345182015442 -0.9473724508198035
vn 0.3080909560187736 0.16035437434065405 -0.9377454011880066
vn 0.8090123327771064 0.05168272893221841 -0.5855151073581817
vn 0.30901870126800046 0.08362345182015442 -0.9473724508198035
vn 0.30901870126800046 0.08362345182015442 -0.9473724508198035
vn 0.8090157698355893 0.051682314673248665 -0.5855103948755681
vn 0.3090096379776519 0.08362370151792725 -0.9473753850408828
vn 0.30901870126800046 0.08362345182015442 -0.9473724508198035
vn 0.8090157698355893 0.051682314673248665 -0.5855103948755681
vn 0.8090205095118157 0.051681726653271136 -0.5855038977832502
vn 0.30901870126800046 0.08362345182015442 -0.9473724508198035
vn 0.8090157698355893 0.051682314673248665 -0.5855103948755681
vn 0.30901870126800046 0.08362345182015442 -0.9473724508198035
vn 0.30901870126800046 0.08362345182015442 -0.9473724508198035
f 1//1 2//2 3//3
f 4//4 5//5 6//6
f 7//7 8//8 9//9
f 10//10 11//11 12//12
f 13//13 14//14 15//15
f 16//16 17//17 18//18
f 19//19 20//20 21//21
f 22//22 23//23 24//24
f 25//25 26//26 27//27
f 28//28 29//29 30//30
f 31//31 32//32 33//33
f 34//34 35//35 36//36
f 37//37 38//38 39//39
f 40//40 41//41 42//42
f 43//43 44//44 45//45
f 46//46 47//47 48//48
f 49//49 50//50 51//51
f 52//52 53//53 54//54
f 55//55 56//56 57//57
f 58//58 59//59 60//60
f 61//61 62//62 63//63
f 64//64 65//65 66//66
f 67//67 68//68 69//69
f 70//70 71//71 72//72
f 73//73 74//74 75//75
f 76//76 77//77 78//78
f 79//79 80//80 81//81
f 82//82 83//83 84//84
f 85//85 86//86 87//87
f 88//88 89//89 90//90
f 91//91 92//92 93//93
f 94//94 95//95 96//96
f 97//97 98//98 99//99
f 100//100 101//101 102//102
f 103//103 104//104 105//105
f 106//106 107//107 108//108
f 109//109 110//110 111//111
f 112//112 113//113 114//114
f 115//115 116//116 117//117
f 118//118 119//119 120//120
f 121//121 122//122 123//123
f 124//124 125//125 126//126
f 127//127 128//128 129//129
f 130//130 131//131 132//132
f 133//133 134//134 135//135
f 136//136 137//137 138//138
f 139//139 140//140 141//141
f 142//142 143//143 144//144
f 145//145 146//146 147//147
f 148//148 149//149 150//150
f 151//151 152//152 153//153
f 154//154 155//155 156//156
f 157//157 158//158 159//159
f 160//160 161//161 162//162
f 163//163 164//164 165//165
f 166//166 167//167 168//168
f 169//169 170//170 171//171
f 172//172 173//173 174//174
f 175//175 176//176 177//177
f 178//178 179//179 180//180
f 181//181 182//182 183//183
f 184//184 185//185 186//186
f 187//187 188//188 189//189
f 190//190 191//191 192//192
f 193//193 194//194 195//195
f 196//196 197//197 198//198
f 199//199 200//200 201//201
f 202//202 203//203 204//204
f 205//205 206//206 207//207
f 208//208 209//209 210//210
f 211//211 212//212 213//213
f 214//214 215//215 216//216
f 217//217 218//218 219//219
f 220//220 221//221 222//222
f 223//223 224//224 225//225
f 226//226 227//227 228//228
f 229//229 230//230 231//231
f 232//232 233//233 234//234
f 235//235 236//236 237//237
f 238//238 239//239 240//240
f 241//241 242//242 243//243
f 244//244 245//245 246//246
f 247//247 248//248 249//249
f 250//250 251//251 252//252
f 253//253 254//254 255//255
f 256//256 257//257 258//258
f 259//259 260//260 261//261
f 262//262 263//263 264//264
f 265//265 266//266 267//267
f 268//268 269//269 270//270
f 271//271 272//272 273//273
f 274//274 275//275 276//276
f 277//277 278//278 279//279
f 280//280 281//281 282//282
f 283//283 284//284 285//285
f 286//286 287//287 288//288
f 289//289 290//290 291//291
f 292//292 293//293 294//294
f 295//295 296//296 297//297
f 298//298 299//299 300//300
f 301//301 302//302 303//303
f 304//304 305//305 306//306
f 307//307 308//308 309//309
f 310//310 311//311 312//312
f 313//313 314//314 315//315
f 316//316 317//317 318//318
f 319//319 320//320 321//321
f 322//322 323//323 324//324
f 325//325 326//326 327//327
f 328//328 329//329 330//330
f 331//331 332//332 333//333
f 334//334 335//335 336//336
f 337//337 338//338 339//339
f 340//340 341//341 342//342
f 343//343 344//344 345//345
f 346//346 347//347 348//348
f 349//349 350//350 351//351
f 352//352 353//353 354//354
f 355//355 356//356 357//357
f 358//358 359//359 360//360
f 361//361 362//362 363//363
f 364//364 365//365 366//366
f 367//367 368//368 369//369
f 370//370 371//371 372//372
f 373//373 374//374 375//375
f 376//376 377//377 378//378
f 379//379 380//380 381//381
f 382//382 383//383 384//384
f 385//385 386//386 387//387
f 388//388 389//389 390//390
f 391//391 392//392 393//393
f 394//394 395//395 396//396
f 397//397 398//398 399//399
f 400//400 401//401 402//402
f 403//403 404//404 405//405
f 406//406 407//407 408//408
f 409//409 410//410 411//411
f 412//412 413//413 414//414
f 415//415 416//416 417//417
f 418//418 419//419 420//420
f 421//421 422//422 423//423
f 424//424 425//425 426//426
f 427//427 428//428 429//429
f 430//430 431//431 432//432
f 433//433 434//434 435//435
f 436//436 437//437 438//438
f 439//439 440//440 441//441
f 442//442 443//443 444//444
f 445//445 446//446 447//447
f 448//448 449//449 450//450
f 451//451 452//452 453//453
f 454//454 455//455 456//456
f 457//457 458//458 459//459
f 460//460 461//461 462//462
f 463//463 464//464 465//465
f 466//466 467//467 468//468
f 469//469 470//470 471//471
f 472//472 473//473 474//474
f 475//475 476//476 477//477
f 478//478 479//479 480//480
f 481//481 482//482 483//483
f 484//484 485//485 486//486
f 487//487 488//488 489//489
f 490//490 491//491 492//492
f 493//493 494//494 495//495
f 496//496 497//497 498//498
f 499//499 500//500 501//501
f 502//502 503//503 504//504
f 505//505 506//506 507//507
f 508//508 509//509 510//510
f 511//511 512//512 513//513
f 514//514 515//515 516//516
f 517//517 518//518 519//519
f 520//520 521//521 522//522
f 523//523 524//524 525//525
f 526//526 527//527 528//528
f 529//529 530//530 531//531
f 532//532 533//533 534//534
f 535//535 536//536 537//537
f 538//538 539//539 540//540
f 541//541 542//542 543//543
f 544//544 545//545 546//546
f 547//547 548//548 549//549
f 550//550 551//551 552//552
f 553//553 554//554 555//555
f 556//556 557//557 558//558
f 559//559 560//560 561//561
f 562//562 563//563 564//564
f 565//565 566//566 567//567
f 568//568 569//569 570//570
f 571//571 572//572 573//573
f 574//574 575//575 576//576
f 577//577 578//578 579//579
f 580//580 581//581 582//582
f 583//583 584//584 585//585
f 586//586 587//587 588//588
f 589//589 590//590 591//591
f 592//592 593//593 594//594
f 595//595 596//596 597//597
f 598//598 599//599 600//600
f 601//601 602//602 603//603
f 604//604 605//605 606//606
f 607//607 608//608 609//609
f 610//610 611//611 612//612
f 613//613 614//614 615//615
f 616//616 617//617 618//618
f 619//619 620//620 621//621
f 622//622 623//623 624//624
f 625//625 626//626 627//627
f 628//628 629//629 630//630
f 631//631 632//632 633//633
f 634//634 635//635 636//636
f 637//637 638//638 639//639
f 640//640 641//641 642//642
f 643//643 644//644 645//645
f 646//646 647//647 648//648
f 649//649 650//650 651//651
f 652//652 653//653 654//654
f 655//655 656//656 657//657
f 658//658 659//659 660//660
f 661//661 662//662 663//663
f 664//664 665//665 666//666
f 667//667 668//668 669//669
f 670//670 671//671 672//672
f 673//673 674//674 675//675
f 676//676 677//677 678//678
f 679//679 680//680 681//681
f 682//682 683//683 684//684
f 685//685 686//686 687//687
f 688//688 689//689 690//690
f 691//691 692//692 693//693
f 694//694 695//695 696//696
f 697//697 698//698 699//699
f 700//700 701//701 702//702
f 703//703 704//704 705//705
f 706//706 707//707 708//708
f 709//709 710//710 711//711
f 712//712 713//713 714//714
f 715//715 716//716 717//717
f 718//718 719//719 720//720
f 721//721 722//722 723//723
f 724//724 725//725 726//726
f 727//727 728//728 729//729
f 730//730 731//731 732//732
f 733//733 734//734 735//735
f 736//736 737//737 738//738
f 739//739 740//740 741//741
f 742//742 743//743 744//744
f 745//745 746//746 747//747
f 748//748 749//749 750//750
f 751//751 752//752 753//753
f 754//754 755//755 756//756
f 757//757 758//758 759//759
f 760//760 761//761 762//762
f 763//763 764//764 765//765
f 766//766 767//767 768//768
f 769//769 770//770 771//771
f 772//772 773//773 774//774
f 775//775 776//776 777//777
f 778//778 779//779 780//780
f 781//781 782//782 783//783
f 784//784 785//785 786//786
f 787//787 788//788 789//789
f 790//790 791//791 792//792
f 793//793 794//794 795//795
f 796//796 797//797 798//798
f 799//799 800//800 801//801
f 802//802 803//803 804//804
f 805//805 806//806 807//807
f 808//808 809//809 810//810
f 811//811 812//812 813//813
f 814//814 815//815 816//816
f 817//817 818//818 819//819
f 820//820 821//821 822//822
f 823//823 824//824 825//825
f 826//826 827//827 828//828
f 829//829 830//830 831//831
f 832//832 833//833 834//834
f 835//835 836//836 837//837
f 838//838 839//839 840//840
f 841//841 842//842 843//843
f 844//844 845//845 846//846
f 847//847 848//848 849//849
f 850//850 851//851 852//852
f 853//853 854//854 855//855
f 856//856 857//857 858//858
f 859//859 860//860 861//861
f 862//862 863//863 864//864
f 865//865 866//866 867//867
f 868//868 869//869 870//870
f 871//871 872//872 873//873
f 874//874 875//875 876//876
f 877//877 878//878 879//879
f 880//880 881//881 882//882
f 883//883 884//884 885//885
f 886//886 887//887 888//888
f 889//889 890//890 891//891
f 892//892 893//893 894//894
f 895//895 896//896 897//897
f 898//898 899//899 900//900
o obj3
usemtl mat1
v -0.2624335289001465 4.215985204581487 -1.250102102025438
v -0.11161918193101883 4.180440390068193 -1.346720227612849
v -0.13796910643577576 4.155613032969779 -1.269516953032127
v -0.29222410917282104 4.375017056785466 -1.421981908117068
v -0.2624335289001465 4.215985204581487 -1.250102102025438
v -0.36120912432670593 4.310018355049358 -1.2198624468094863
v -0.4246268570423126 4.42850645453812 -1.1817585717903816
v -0.29222410917282104 4.375017056785466 -1.421981908117068
v -0.36120912432670593 4.310018355049358 -1.2198624468094863
v -0.13796910643577576 4.155613032969779 -1.269516953032127
v -0.11161918193101883 4.180440390068193 -1.346720227612849
v 9.999999974752427e-7 4.134810150781249 -1.2762068164865727
v -0.36120906472206116 4.640194734534137 -1.3893531354028026
v -0.4246268570423126 4.42850645453812 -1.1817585717903816
v -0.44647911190986633 4.559851718984186 -1.1395195201745243
v -0.11161915957927704 4.415188771775807 -1.5468989817173524
v -0.21231301128864288 4.263210273712016 -1.396950851993291
v -0.29222410917282104 4.375017056785466 -1.421981908117068
v -0.34353023767471313 4.5049168572201825 -1.419364409790333
v -0.11161915957927704 4.415188771775807 -1.5468989817173524
v -0.29222410917282104 4.375017056785466 -1.421981908117068
v -0.11161918193101883 4.180440390068193 -1.346720227612849
v -0.04263420030474663 4.195784260065913 -1.3944340861620108
v 9.999999974752427e-7 4.134810150781249 -1.2762068164865727
v -0.13796907663345337 4.689849078378315 -1.543758797690821
v -0.34353023767471313 4.5049168572201825 -1.419364409790333
v -0.36120906472206116 4.640194734534137 -1.3893531354028026
v -0.08109582215547562 4.2923960804650605 -1.4877079987961683
v -0.11161918193101883 4.180440390068193 -1.346720227612849
v -0.21231301128864288 4.263210273712016 -1.396950851993291
v 0.1379706710577011 4.689849078378315 -1.543758797690821
v -0.13121633231639862 4.552141009333077 -1.5662128056158715
v -0.13796907663345337 4.689849078378315 -1.543758797690821
v 0.0810975432395935 4.2923960804650605 -1.4877079987961683
v -0.04263420030474663 4.195784260065913 -1.3944340861620108
v -0.08109582215547562 4.2923960804650605 -1.4877079987961683
v 0.11162085086107254 4.415188771775807 -1.5468989817173524
v -0.08109582215547562 4.2923960804650605 -1.4877079987961683
v -0.11161915957927704 4.415188771775807 -1.5468989817173524
v 0.13121797144412994 4.552141009333077 -1.5662128056158715
v -0.11161915957927704 4.415188771775807 -1.5468989817173524
v -0.13121633231639862 4.552141009333077 -1.5662128056158715
v -0.04263420030474663 4.195784260065913 -1.3944340861620108
v 0.042635951191186905 4.1957837721717075 -1.3944341456916098
v 9.999999974752427e-7 4.134810150781249 -1.2762068164865727
v 0.042635951191186905 4.1957837721717075 -1.3944341456916098
v 0.1116209402680397 4.180440390068193 -1.346720227612849
v 9.999999974752427e-7 4.134810150781249 -1.2762068164865727
v 0.1379706710577011 4.689849078378315 -1.543758797690821
v 0.3435317575931549 4.5049168572201825 -1.419364409790333
v 0.13121797144412994 4.552141009333077 -1.5662128056158715
v 0.0810975432395935 4.2923960804650605 -1.4877079987961683
v 0.1116209402680397 4.180440390068193 -1.346720227612849
v 0.042635951191186905 4.1957837721717075 -1.3944341456916098
v 0.11162085086107254 4.415188771775807 -1.5468989817173524
v 0.21231471002101898 4.26320978581781 -1.39695091152289
v 0.0810975432395935 4.2923960804650605 -1.4877079987961683
v 0.13121797144412994 4.552141009333077 -1.5662128056158715
v 0.29222583770751953 4.375017485908893 -1.4219823217889807
v 0.11162085086107254 4.415188771775807 -1.5468989817173524
v 0.3435317575931549 4.5049168572201825 -1.419364409790333
v 0.36121079325675964 4.310018842943565 -1.219862387279887
v 0.29222583770751953 4.375017485908893 -1.4219823217889807
v 0.1116209402680397 4.180440390068193 -1.346720227612849
v 0.13797087967395782 4.155613032969779 -1.269516953032127
v 9.999999974752427e-7 4.134810150781249 -1.2762068164865727
v 0.36121058464050293 4.640194734534137 -1.3893531354028026
v 0.42462852597236633 4.4285069424323265 -1.1817585122607825
v 0.3435317575931549 4.5049168572201825 -1.419364409790333
v 0.26243525743484497 4.215985707168388 -1.250101924195461
v 0.1116209402680397 4.180440390068193 -1.346720227612849
v 0.21231471002101898 4.26320978581781 -1.39695091152289
v 0.29222583770751953 4.375017485908893 -1.4219823217889807
v 0.26243525743484497 4.215985707168388 -1.250101924195461
v 0.21231471002101898 4.26320978581781 -1.39695091152289
v 0.34353184700012207 4.352096066548752 -0.9441526154900521
v 0.36121079325675964 4.310018842943565 -1.219862387279887
v 0.42462852597236633 4.4285069424323265 -1.1817585122607825
v 0.13797087967395782 4.155613032969779 -1.269516953032127
v 0.1116209626197815 4.130785129206379 -1.1923142111825165
v 9.999999974752427e-7 4.134810150781249 -1.2762068164865727
v 0.44648078083992004 4.559852206878392 -1.1395194606449253
v 0.34353184700012207 4.352096066548752 -0.9441526154900521
v 0.42462852597236633 4.4285069424323265 -1.1817585122607825
v 0.21231476962566376 4.168761052468591 -1.103253706199899
v 0.13797087967395782 4.155613032969779 -1.269516953032127
v 0.26243525743484497 4.215985707168388 -1.250101924195461
v 0.29222583770751953 4.245019712084031 -1.0177425123003925
v 0.26243525743484497 4.215985707168388 -1.250101924195461
v 0.36121079325675964 4.310018842943565 -1.219862387279887
v 0.29222583770751953 4.245019712084031 -1.0177425123003925
v 0.0810975730419159 4.139574816592118 -1.0124961457251085
v 0.21231476962566376 4.168761052468591 -1.103253706199899
v 0.34353184700012207 4.352096066548752 -0.9441526154900521
v 0.11162085086107254 4.204848426217117 -0.892825852372021
v 0.29222583770751953 4.245019712084031 -1.0177425123003925
v 0.1116209626197815 4.130785129206379 -1.1923142111825165
v 0.0426359586417675 4.115441244515963 -1.1446004709337325
v 9.999999974752427e-7 4.134810150781249 -1.2762068164865727
v 0.3612106740474701 4.479509147250359 -0.8896862003177808
v 0.1312180459499359 4.304871973206636 -0.7973037464630013
v 0.34353184700012207 4.352096066548752 -0.9441526154900521
v 0.21231476962566376 4.168761052468591 -1.103253706199899
v 0.0426359586417675 4.115441244515963 -1.1446004709337325
v 0.1116209626197815 4.130785129206379 -1.1923142111825165
v -0.08109579235315323 4.139574816592118 -1.0124961457251085
v 0.0426359586417675 4.115441244515963 -1.1446004709337325
v 0.0810975730419159 4.139574816592118 -1.0124961457251085
v 0.11162085086107254 4.204848426217117 -0.892825852372021
v -0.08109579235315323 4.139574816592118 -1.0124961457251085
v 0.0810975730419159 4.139574816592118 -1.0124961457251085
v 0.1312180459499359 4.304871973206636 -0.7973037464630013
v -0.11161915957927704 4.204848906764976 -0.8928258519926109
v 0.11162085086107254 4.204848426217117 -0.892825852372021
v 0.0426359586417675 4.115441244515963 -1.1446004709337325
v -0.042634181678295135 4.115441244515963 -1.1446004709337325
v 9.999999974752427e-7 4.134810150781249 -1.2762068164865727
v -0.1379690021276474 4.429854374282751 -0.7352801243578491
v 0.1312180459499359 4.304871973206636 -0.7973037464630013
v 0.13797077536582947 4.429854374282751 -0.7352801243578491
v -0.361208975315094 4.4795087181269295 -0.8896857866458678
v -0.13121628761291504 4.304871973206636 -0.7973037464630013
v -0.1379690021276474 4.429854374282751 -0.7352801243578491
v -0.08109579235315323 4.139574816592118 -1.0124961457251085
v -0.11161918193101883 4.130785129206379 -1.1923142111825165
v -0.042634181678295135 4.115441244515963 -1.1446004709337325
v 0.36121049523353577 5.860453050143071 -0.44559445688114807
v 0.13797061145305634 5.580641166629849 -0.3652039424093163
v 0.36121052503585815 5.630295994695061 -0.5196095747428304
v 0.3612104058265686 6.021138626407327 -0.945261480691453
v 0.4464806318283081 5.7106385737752365 -0.769442835449385
v 0.361210435628891 5.790981523208061 -1.019276983029364
v -0.29222413897514343 4.245019712084031 -1.0177425123003925
v -0.08109579235315323 4.139574816592118 -1.0124961457251085
v -0.11161915957927704 4.204848906764976 -0.8928258519926109
v -0.44647926092147827 5.710638566428889 -0.7694428945995737
v -0.3612092435359955 6.021138619060981 -0.945261539841642
v -0.3612092137336731 5.790981508515366 -1.0192771013297421
v 0.4464806318283081 5.7106385737752365 -0.769442835449385
v 0.36121049523353577 5.860453050143071 -0.44559445688114807
v 0.36121052503585815 5.630295994695061 -0.5196095747428304
v -0.34353014826774597 4.352096066548752 -0.9441526154900521
v -0.11161915957927704 4.204848906764976 -0.8928258519926109
v -0.13121628761291504 4.304871973206636 -0.7973037464630013
v -0.042634181678295135 4.115441244515963 -1.1446004709337325
v -0.11161918193101883 4.130785129206379 -1.1923142111825165
v 9.999999974752427e-7 4.134810150781249 -1.2762068164865727
v -0.13796916604042053 5.580641162956676 -0.3652039719844107
v -0.3612091541290283 5.860453097894329 -0.44559407240491944
v -0.36120912432670593 5.630295517820375 -0.5196095455471461
v -0.11161918193101883 4.130785129206379 -1.1923142111825165
v -0.13796910643577576 4.155613032969779 -1.269516953032127
v 9.999999974752427e-7 4.134810150781249 -1.2762068164865727
v -0.1379692256450653 5.84063586705224 -1.1736826453173828
v 0.1379704773426056 6.070792970251507 -1.099667142979472
v 0.13797050714492798 5.84063586705224 -1.1736826453173828
v -0.44647911190986633 4.559851718984186 -1.1395195201745243
v -0.34353014826774597 4.352096066548752 -0.9441526154900521
v -0.361208975315094 4.4795087181269295 -0.8896857866458678
v -0.2123129963874817 4.168761052468591 -1.103253706199899
v -0.13796910643577576 4.155613032969779 -1.269516953032127
v -0.11161918193101883 4.130785129206379 -1.1923142111825165
v -0.36120912432670593 5.630295517820375 -0.5196095455471461
v -0.44647929072380066 5.940795618203724 -0.6954278063129857
v -0.44647926092147827 5.710638566428889 -0.7694428945995737
v -0.3612092137336731 5.790981508515366 -1.0192771013297421
v -0.1379692703485489 6.070792970251507 -1.099667142979472
v -0.1379692256450653 5.84063586705224 -1.1736826453173828
v -0.36120912432670593 4.310018355049358 -1.2198624468094863
v -0.2123129963874817 4.168761052468591 -1.103253706199899
v -0.29222413897514343 4.245019712084031 -1.0177425123003925
v 0.1379704773426056 6.070792970251507 -1.099667142979472
v 0.361210435628891 5.790981523208061 -1.019276983029364
v 0.13797050714492798 5.84063586705224 -1.1736826453173828
v 0.13797061145305634 5.580641166629849 -0.3652039424093163
v -0.13796919584274292 5.810798266155943 -0.2911884696464997
v -0.13796916604042053 5.580641162956676 -0.3652039719844107
v -0.4246268570423126 4.42850645453812 -1.1817585717903816
v -0.29222413897514343 4.245019712084031 -1.0177425123003925
v -0.34353014826774597 4.352096066548752 -0.9441526154900521
v -0.11161942780017853 6.369862160230274 -0.6426334997812222
v -0.2624337673187256 6.284661578595091 -0.5848458163433721
v -0.13796932995319366 6.34503522490894 -0.565430698022602
v -0.42462706565856934 6.07214125300244 -0.6531896415705534
v -0.3612092435359955 6.021138619060981 -0.945261539841642
v -0.44647929072380066 5.940795618203724 -0.6954278063129857
v 5.6999999742402e-7 6.365838103424296 -0.558740864143251
v -0.11161942780017853 6.369862160230274 -0.6426334997812222
v -0.13796932995319366 6.34503522490894 -0.565430698022602
v -0.29222434759140015 6.255628068920003 -0.8172051095586523
v -0.42462706565856934 6.07214125300244 -0.6531896415705534
v -0.36120936274528503 6.190629851404929 -0.6150856182965663
v -0.21231327950954437 6.331886640379274 -0.7316946254614138
v -0.36120936274528503 6.190629851404929 -0.6150856182965663
v -0.2624337673187256 6.284661578595091 -0.5848458163433721
v -0.04263447970151901 6.3852064483319015 -0.6903478607275804
v -0.21231327950954437 6.331886640379274 -0.7316946254614138
v -0.11161942780017853 6.369862160230274 -0.6426334997812222
v -0.3435303866863251 6.148552136232362 -0.8907954791910946
v -0.1379692703485489 6.070792970251507 -1.099667142979472
v -0.3612092435359955 6.021138619060981 -0.945261539841642
v 5.6999999742402e-7 6.365838103424296 -0.558740864143251
v -0.04263447970151901 6.3852064483319015 -0.6903478607275804
v -0.11161942780017853 6.369862160230274 -0.6426334997812222
v -0.11161942780017853 6.295799791256692 -0.9421221240087481
v -0.3435303866863251 6.148552136232362 -0.8907954791910946
v -0.29222434759140015 6.255628068920003 -0.8172051095586523
v -0.0810961127281189 6.361072461825013 -0.8224516539639133
v -0.29222434759140015 6.255628068920003 -0.8172051095586523
v -0.21231327950954437 6.331886640379274 -0.7316946254614138
v 0.042635608464479446 6.3852064483319015 -0.6903478607275804
v -0.0810961127281189 6.361072461825013 -0.8224516539639133
v -0.04263447970151901 6.3852064483319015 -0.6903478607275804
v -0.13121654093265533 6.19577628099891 -1.0376439341668227
v 0.1379704773426056 6.070792970251507 -1.099667142979472
v -0.1379692703485489 6.070792970251507 -1.099667142979472
v 5.6999999742402e-7 6.365838103424296 -0.558740864143251
v 0.042635608464479446 6.3852064483319015 -0.6903478607275804
v -0.04263447970151901 6.3852064483319015 -0.6903478607275804
v -0.11161942780017853 6.295799791256692 -0.9421221240087481
v 0.13121777772903442 6.195776295691604 -1.0376438158664445
v -0.13121654093265533 6.19577628099891 -1.0376439341668227
v 0.08109723031520844 6.361072461825013 -0.8224516539639133
v -0.11161942780017853 6.295799791256692 -0.9421221240087481
v -0.0810961127281189 6.361072461825013 -0.8224516539639133
v 0.2123144119977951 6.331886640379274 -0.7316946254614138
v 0.11162058264017105 6.295799791256692 -0.9421221240087481
v 0.08109723031520844 6.361072461825013 -0.8224516539639133
v 0.042635608464479446 6.3852064483319015 -0.6903478607275804
v 0.2123144119977951 6.331886640379274 -0.7316946254614138
v 0.08109723031520844 6.361072461825013 -0.8224516539639133
v 0.3435315787792206 6.148552128886014 -0.8907955383412838
v 0.1379704773426056 6.070792970251507 -1.099667142979472
v 0.13121777772903442 6.195776295691604 -1.0376438158664445
v 5.6999999742402e-7 6.365838103424296 -0.558740864143251
v 0.11162056028842926 6.3698621565571 -0.6426335293563166
v 0.042635608464479446 6.3852064483319015 -0.6903478607275804
v 0.29222559928894043 6.25562807626635 -0.8172050504084634
v 0.13121777772903442 6.195776295691604 -1.0376438158664445
v 0.11162058264017105 6.295799791256692 -0.9421221240087481
v 0.2123144119977951 6.331886640379274 -0.7316946254614138
v 0.36121055483818054 6.190629370857069 -0.6150856186759763
v 0.29222559928894043 6.25562807626635 -0.8172050504084634
v 0.11162056028842926 6.3698621565571 -0.6426335293563166
v 0.2624349296092987 6.284662073835645 -0.5848456976635839
v 0.2123144119977951 6.331886640379274 -0.7316946254614138
v 0.4246283173561096 6.072141748242994 -0.6531895228907652
v 0.3612104058265686 6.021138626407327 -0.945261480691453
v 0.3435315787792206 6.148552128886014 -0.8907955383412838
v 5.6999999742402e-7 6.365838103424296 -0.558740864143251
v 0.1379704624414444 6.345035221235766 -0.5654307275976966
v 0.11162056028842926 6.3698621565571 -0.6426335293563166
v 0.29222559928894043 6.25562807626635 -0.8172050504084634
v 0.4246283173561096 6.072141748242994 -0.6531895228907652
v 0.3435315787792206 6.148552128886014 -0.8907955383412838
v 5.6999999742402e-7 6.365838103424296 -0.558740864143251
v 0.11162056028842926 6.32020781271292 -0.4882278670682978
v 0.1379704624414444 6.345035221235766 -0.5654307275976966
v 0.29222559928894043 6.125631208439601 -0.41296568378747267
v 0.4246283173561096 6.072141748242994 -0.6531895228907652
v 0.36121055483818054 6.190629370857069 -0.6150856186759763
v 0.21231447160243988 6.237437430155369 -0.4379973909427386
v 0.36121055483818054 6.190629370857069 -0.6150856186759763
v 0.2624349296092987 6.284662073835645 -0.5848456976635839
v 0.11162056028842926 6.32020781271292 -0.4882278670682978
v 0.2624349296092987 6.284662073835645 -0.5848456976635839
v 0.1379704624414444 6.345035221235766 -0.5654307275976966
v 0.3435315787792206 5.995730868686246 -0.41558365569512956
v 0.4464806020259857 5.9407960987515835 -0.6954278059335759
v 0.4246283173561096 6.072141748242994 -0.6531895228907652
v 0.13121777772903442 5.948506722083111 -0.2687352155069489
v 0.36121049523353577 5.860453050143071 -0.44559445688114807
v 0.3435315787792206 5.995730868686246 -0.41558365569512956
v 5.6999999742402e-7 6.365838103424296 -0.558740864143251
v 0.04263561964035034 6.3048639390420265 -0.4405140380942305
v 0.11162056028842926 6.32020781271292 -0.4882278670682978
v 0.11162058264017105 6.085459429168719 -0.2880491277513417
v 0.3435315787792206 5.995730868686246 -0.41558365569512956
v 0.29222559928894043 6.125631208439601 -0.41296568378747267
v 0.08109728246927261 6.2082516674804085 -0.3472398892387272
v 0.29222559928894043 6.125631208439601 -0.41296568378747267
v 0.21231447160243988 6.237437430155369 -0.4379973909427386
v 0.04263561964035034 6.3048639390420265 -0.4405140380942305
v 0.21231447160243988 6.237437430155369 -0.4379973909427386
v 0.11162056028842926 6.32020781271292 -0.4882278670682978
v 0.04263561964035034 6.3048639390420265 -0.4405140380942305
v -0.08109608292579651 6.2082516674804085 -0.3472398892387272
v 0.08109728246927261 6.2082516674804085 -0.3472398892387272
v -0.13121657073497772 5.948506711063589 -0.26873530423223246
v 0.13797058165073395 5.810798748540389 -0.29118845447954245
v 0.13121777772903442 5.948506722083111 -0.2687352155069489
v 5.6999999742402e-7 6.365838103424296 -0.558740864143251
v -0.04263446852564812 6.3048639427152 -0.4405140085191359
v 0.04263561964035034 6.3048639390420265 -0.4405140380942305
v 0.11162058264017105 6.085459429168719 -0.2880491277513417
v -0.13121657073497772 5.948506711063589 -0.26873530423223246
v 0.13121777772903442 5.948506722083111 -0.2687352155069489
v -0.08109608292579651 6.2082516674804085 -0.3472398892387272
v 0.11162058264017105 6.085459429168719 -0.2880491277513417
v 0.08109728246927261 6.2082516674804085 -0.3472398892387272
v -0.04263446852564812 6.3048639427152 -0.4405140085191359
v -0.21231327950954437 6.237437907030055 -0.43799742013842313
v -0.08109608292579651 6.2082516674804085 -0.3472398892387272
v -0.13121657073497772 5.948506711063589 -0.26873530423223246
v -0.3612091541290283 5.860453097894329 -0.44559407240491944
v -0.13796919584274292 5.810798266155943 -0.2911884696464997
v 5.6999999742402e-7 6.365838103424296 -0.558740864143251
v -0.11161944270133972 6.32020781271292 -0.4882278670682978
v -0.04263446852564812 6.3048639427152 -0.4405140085191359
v -0.11161942780017853 6.085459431005306 -0.28804911296379454
v -0.34353044629096985 5.995730872359419 -0.4155836261200352
v -0.13121657073497772 5.948506711063589 -0.26873530423223246
v -0.08109608292579651 6.2082516674804085 -0.3472398892387272
v -0.29222437739372253 6.125630727891742 -0.41296568416688273
v -0.11161942780017853 6.085459431005306 -0.28804911296379454
v -0.2624337673187256 6.284661578595091 -0.5848458163433721
v -0.29222437739372253 6.125630727891742 -0.41296568416688273
v -0.21231327950954437 6.237437907030055 -0.43799742013842313
v -0.13796932995319366 6.34503522490894 -0.565430698022602
v -0.21231327950954437 6.237437907030055 -0.43799742013842313
v -0.11161944270133972 6.32020781271292 -0.4882278670682978
v -0.34353044629096985 5.995730872359419 -0.4155836261200352
v -0.44647929072380066 5.940795618203724 -0.6954278063129857
v -0.3612091541290283 5.860453097894329 -0.44559407240491944
v 5.6999999742402e-7 6.365838103424296 -0.558740864143251
v -0.13796932995319366 6.34503522490894 -0.565430698022602
v -0.11161944270133972 6.32020781271292 -0.4882278670682978
v -0.29222437739372253 6.125630727891742 -0.41296568416688273
v -0.42462706565856934 6.07214125300244 -0.6531896415705534
v -0.34353044629096985 5.995730872359419 -0.4155836261200352
v 0.13797077536582947 4.429854374282751 -0.7352801243578491
v -0.1379690319299698 4.660011899259099 -0.66126509484204
v -0.1379690021276474 4.429854374282751 -0.7352801243578491
v 0.13797074556350708 4.660011899259099 -0.66126509484204
v -0.13796906173229218 4.890169009804714 -0.58724953335394
v -0.1379690319299698 4.660011899259099 -0.66126509484204
v 0.1379706710577011 5.1203265862054925 -0.513234089786808
v -0.13796906173229218 4.890169009804714 -0.58724953335394
v 0.1379707008600235 4.890169009804714 -0.58724953335394
v 0.13797064125537872 5.3504836416535015 -0.4392189719251254
v -0.13796909153461456 5.1203265862054925 -0.513234089786808
v 0.1379706710577011 5.1203265862054925 -0.513234089786808
v 0.13797064125537872 5.3504836416535015 -0.4392189719251254
v -0.13796916604042053 5.580641162956676 -0.3652039719844107
v -0.13796912133693695 5.350483634307154 -0.43921903107531435
v 0.13797062635421753 4.9200066107010105 -1.469743709024823
v 0.36121058464050293 4.640194734534137 -1.3893531354028026
v 0.1379706710577011 4.689849078378315 -1.543758797690821
v 0.13797059655189514 5.150163713900277 -1.395728206686912
v 0.36121055483818054 4.870352266856831 -1.3153380467368043
v 0.13797062635421753 4.9200066107010105 -1.469743709024823
v 0.13797056674957275 5.380320817099545 -1.3217127043490011
v 0.36121052503585815 5.100509370056098 -1.2413225443988933
v 0.13797059655189514 5.150163713900277 -1.395728206686912
v 0.13797053694725037 5.610478334729544 -1.2476977339833808
v 0.36121049523353577 5.330666946456878 -1.1673071008317613
v 0.13797056674957275 5.380320817099545 -1.3217127043490011
v 0.13797050714492798 5.84063586705224 -1.1736826453173828
v 0.3612104654312134 5.560823990885366 -1.093292071695362
v 0.13797053694725037 5.610478334729544 -1.2476977339833808
v -0.36120909452438354 4.8703517789626245 -1.3153381062664034
v -0.13796907663345337 4.689849078378315 -1.543758797690821
v -0.36120906472206116 4.640194734534137 -1.3893531354028026
v -0.36120909452438354 4.8703517789626245 -1.3153381062664034
v -0.13796913623809814 5.150163713900277 -1.395728206686912
v -0.13796910643577576 4.9200066107010105 -1.469743709024823
v -0.3612091541290283 5.33066645856267 -1.1673071603613603
v -0.13796913623809814 5.150163713900277 -1.395728206686912
v -0.36120912432670593 5.100509355363404 -1.2413226626992713
v -0.3612091839313507 5.560823976192671 -1.0932921899957402
v -0.13796916604042053 5.380321290301056 -1.32171276311978
v -0.3612091541290283 5.33066645856267 -1.1673071603613603
v -0.3612092137336731 5.790981508515366 -1.0192771013297421
v -0.13796919584274292 5.610478349422239 -1.2476976156830029
v -0.3612091839313507 5.560823976192671 -1.0932921899957402
v -0.3612090051174164 4.709666250449625 -0.8156706979798698
v -0.44647911190986633 4.559851718984186 -1.1395195201745243
v -0.361208975315094 4.4795087181269295 -0.8896857866458678
v -0.36120903491973877 4.939823353648892 -0.7416551956419588
v -0.4464791417121887 4.790008822183452 -1.065504017836613
v -0.3612090051174164 4.709666250449625 -0.8156706979798698
v -0.36120906472206116 5.169980937396018 -0.6676396929246375
v -0.4464791715145111 5.020166354506148 -0.991488929170615
v -0.36120903491973877 4.939823353648892 -0.7416551956419588
v -0.36120909452438354 5.400138462372366 -0.5936246634088285
v -0.4464792013168335 5.250323879482496 -0.917473899654806
v -0.36120906472206116 5.169980937396018 -0.6676396929246375
v -0.36120912432670593 5.630295517820375 -0.5196095455471461
v -0.4464792311191559 5.48048099002811 -0.8434583381667058
v -0.36120909452438354 5.400138462372366 -0.5936246634088285
v -0.13796907663345337 4.689849078378315 -1.543758797690821
v 0.13797062635421753 4.9200066107010105 -1.469743709024823
v 0.1379706710577011 4.689849078378315 -1.543758797690821
v -0.13796910643577576 4.9200066107010105 -1.469743709024823
v 0.13797059655189514 5.150163713900277 -1.395728206686912
v 0.13797062635421753 4.9200066107010105 -1.469743709024823
v -0.13796913623809814 5.150163713900277 -1.395728206686912
v 0.13797056674957275 5.380320817099545 -1.3217127043490011
v 0.13797059655189514 5.150163713900277 -1.395728206686912
v -0.13796916604042053 5.380321290301056 -1.32171276311978
v 0.13797053694725037 5.610478334729544 -1.2476977339833808
v 0.13797056674957275 5.380320817099545 -1.3217127043490011
v -0.13796919584274292 5.610478349422239 -1.2476976156830029
v 0.13797050714492798 5.84063586705224 -1.1736826453173828
v 0.13797053694725037 5.610478334729544 -1.2476977339833808
v -0.1379690319299698 4.660011899259099 -0.66126509484204
v -0.361208975315094 4.4795087181269295 -0.8896857866458678
v -0.1379690021276474 4.429854374282751 -0.7352801243578491
v -0.1379690319299698 4.660011899259099 -0.66126509484204
v -0.36120903491973877 4.939823353648892 -0.7416551956419588
v -0.3612090051174164 4.709666250449625 -0.8156706979798698
v -0.13796906173229218 4.890169009804714 -0.58724953335394
v -0.36120906472206116 5.169980937396018 -0.6676396929246375
v -0.36120903491973877 4.939823353648892 -0.7416551956419588
v -0.13796912133693695 5.350483634307154 -0.43921903107531435
v -0.36120906472206116 5.169980937396018 -0.6676396929246375
v -0.13796909153461456 5.1203265862054925 -0.513234089786808
v -0.13796916604042053 5.580641162956676 -0.3652039719844107
v -0.36120909452438354 5.400138462372366 -0.5936246634088285
v -0.13796912133693695 5.350483634307154 -0.43921903107531435
v 0.44648075103759766 4.79000931007766 -1.065503958307014
v 0.3612106740474701 4.479509147250359 -0.8896862003177808
v 0.44648078083992004 4.559852206878392 -1.1395194606449253
v 0.44648075103759766 4.79000931007766 -1.065503958307014
v 0.3612106144428253 4.93982378277232 -0.7416556093138715
v 0.3612106442451477 4.7096662577959725 -0.8156706388296806
v 0.44648072123527527 5.020166361852495 -0.9914888700204261
v 0.36121058464050293 5.169981307748667 -0.6676405797980625
v 0.3612106144428253 4.93982378277232 -0.7416556093138715
v 0.4464806616306305 5.48048099002811 -0.8434583381667058
v 0.36121058464050293 5.169981307748667 -0.6676405797980625
v 0.4464806914329529 5.250323894175191 -0.917473781354428
v 0.4464806318283081 5.7106385737752365 -0.769442835449385
v 0.36121055483818054 5.400138418294282 -0.5936250183099627
v 0.4464806616306305 5.48048099002811 -0.8434583381667058
v -0.4464791417121887 4.790008822183452 -1.065504017836613
v -0.36120906472206116 4.640194734534137 -1.3893531354028026
v -0.44647911190986633 4.559851718984186 -1.1395195201745243
v -0.4464791715145111 5.020166354506148 -0.991488929170615
v -0.36120909452438354 4.8703517789626245 -1.3153381062664034
v -0.4464791417121887 4.790008822183452 -1.065504017836613
v -0.4464792013168335 5.250323879482496 -0.917473899654806
v -0.36120912432670593 5.100509355363404 -1.2413226626992713
v -0.4464791715145111 5.020166354506148 -0.991488929170615
v -0.4464792013168335 5.250323879482496 -0.917473899654806
v -0.3612091839313507 5.560823976192671 -1.0932921899957402
v -0.3612091541290283 5.33066645856267 -1.1673071603613603
v -0.4464792311191559 5.48048099002811 -0.8434583381667058
v -0.3612092137336731 5.790981508515366 -1.0192771013297421
v -0.3612091839313507 5.560823976192671 -1.0932921899957402
v 0.36121055483818054 4.870352266856831 -1.3153380467368043
v 0.44648078083992004 4.559852206878392 -1.1395194606449253
v 0.36121058464050293 4.640194734534137 -1.3893531354028026
v 0.36121055483818054 4.870352266856831 -1.3153380467368043
v 0.44648072123527527 5.020166361852495 -0.9914888700204261
v 0.44648075103759766 4.79000931007766 -1.065503958307014
v 0.36121052503585815 5.100509370056098 -1.2413225443988933
v 0.4464806914329529 5.250323894175191 -0.917473781354428
v 0.44648072123527527 5.020166361852495 -0.9914888700204261
v 0.3612104654312134 5.560823990885366 -1.093292071695362
v 0.4464806914329529 5.250323894175191 -0.917473781354428
v 0.36121049523353577 5.330666946456878 -1.1673071008317613
v 0.3612104654312134 5.560823990885366 -1.093292071695362
v 0.4464806318283081 5.7106385737752365 -0.769442835449385
v 0.4464806616306305 5.48048099002811 -0.8434583381667058
v 0.3612106442451477 4.7096662577959725 -0.8156706388296806
v 0.13797077536582947 4.429854374282751 -0.7352801243578491
v 0.3612106740474701 4.479509147250359 -0.8896862003177808
v 0.3612106144428253 4.93982378277232 -0.7416556093138715
v 0.13797074556350708 4.660011899259099 -0.66126509484204
v 0.3612106442451477 4.7096662577959725 -0.8156706388296806
v 0.36121058464050293 5.169981307748667 -0.6676405797980625
v 0.1379707008600235 4.890169009804714 -0.58724953335394
v 0.3612106144428253 4.93982378277232 -0.7416556093138715
v 0.36121058464050293 5.169981307748667 -0.6676405797980625
v 0.13797064125537872 5.3504836416535015 -0.4392189719251254
v 0.1379706710577011 5.1203265862054925 -0.513234089786808
v 0.36121055483818054 5.400138418294282 -0.5936250183099627
v 0.13797061145305634 5.580641166629849 -0.3652039424093163
v 0.13797064125537872 5.3504836416535015 -0.4392189719251254
v -0.2624335289001465 4.215985204581487 -1.250102102025438
v -0.21231301128864288 4.263210273712016 -1.396950851993291
v -0.11161918193101883 4.180440390068193 -1.346720227612849
v -0.29222410917282104 4.375017056785466 -1.421981908117068
v -0.21231301128864288 4.263210273712016 -1.396950851993291
v -0.2624335289001465 4.215985204581487 -1.250102102025438
v -0.4246268570423126 4.42850645453812 -1.1817585717903816
v -0.34353023767471313 4.5049168572201825 -1.419364409790333
v -0.29222410917282104 4.375017056785466 -1.421981908117068
v -0.36120906472206116 4.640194734534137 -1.3893531354028026
v -0.34353023767471313 4.5049168572201825 -1.419364409790333
v -0.4246268570423126 4.42850645453812 -1.1817585717903816
v -0.11161915957927704 4.415188771775807 -1.5468989817173524
v -0.08109582215547562 4.2923960804650605 -1.4877079987961683
v -0.21231301128864288 4.263210273712016 -1.396950851993291
v -0.34353023767471313 4.5049168572201825 -1.419364409790333
v -0.13121633231639862 4.552141009333077 -1.5662128056158715
v -0.11161915957927704 4.415188771775807 -1.5468989817173524
v -0.13796907663345337 4.689849078378315 -1.543758797690821
v -0.13121633231639862 4.552141009333077 -1.5662128056158715
v -0.34353023767471313 4.5049168572201825 -1.419364409790333
v -0.08109582215547562 4.2923960804650605 -1.4877079987961683
v -0.04263420030474663 4.195784260065913 -1.3944340861620108
v -0.11161918193101883 4.180440390068193 -1.346720227612849
v 0.1379706710577011 4.689849078378315 -1.543758797690821
v 0.13121797144412994 4.552141009333077 -1.5662128056158715
v -0.13121633231639862 4.552141009333077 -1.5662128056158715
v 0.0810975432395935 4.2923960804650605 -1.4877079987961683
v 0.042635951191186905 4.1957837721717075 -1.3944341456916098
v -0.04263420030474663 4.195784260065913 -1.3944340861620108
v 0.11162085086107254 4.415188771775807 -1.5468989817173524
v 0.0810975432395935 4.2923960804650605 -1.4877079987961683
v -0.08109582215547562 4.2923960804650605 -1.4877079987961683
v 0.13121797144412994 4.552141009333077 -1.5662128056158715
v 0.11162085086107254 4.415188771775807 -1.5468989817173524
v -0.11161915957927704 4.415188771775807 -1.5468989817173524
v 0.1379706710577011 4.689849078378315 -1.543758797690821
v 0.36121058464050293 4.640194734534137 -1.3893531354028026
v 0.3435317575931549 4.5049168572201825 -1.419364409790333
v 0.0810975432395935 4.2923960804650605 -1.4877079987961683
v 0.21231471002101898 4.26320978581781 -1.39695091152289
v 0.1116209402680397 4.180440390068193 -1.346720227612849
v 0.11162085086107254 4.415188771775807 -1.5468989817173524
v 0.29222583770751953 4.375017485908893 -1.4219823217889807
v 0.21231471002101898 4.26320978581781 -1.39695091152289
v 0.13121797144412994 4.552141009333077 -1.5662128056158715
v 0.3435317575931549 4.5049168572201825 -1.419364409790333
v 0.29222583770751953 4.375017485908893 -1.4219823217889807
v 0.3435317575931549 4.5049168572201825 -1.419364409790333
v 0.42462852597236633 4.4285069424323265 -1.1817585122607825
v 0.36121079325675964 4.310018842943565 -1.219862387279887
v 0.36121058464050293 4.640194734534137 -1.3893531354028026
v 0.44648078083992004 4.559852206878392 -1.1395194606449253
v 0.42462852597236633 4.4285069424323265 -1.1817585122607825
v 0.26243525743484497 4.215985707168388 -1.250101924195461
v 0.13797087967395782 4.155613032969779 -1.269516953032127
v 0.1116209402680397 4.180440390068193 -1.346720227612849
v 0.29222583770751953 4.375017485908893 -1.4219823217889807
v 0.36121079325675964 4.310018842943565 -1.219862387279887
v 0.26243525743484497 4.215985707168388 -1.250101924195461
v 0.34353184700012207 4.352096066548752 -0.9441526154900521
v 0.29222583770751953 4.245019712084031 -1.0177425123003925
v 0.36121079325675964 4.310018842943565 -1.219862387279887
v 0.44648078083992004 4.559852206878392 -1.1395194606449253
v 0.3612106740474701 4.479509147250359 -0.8896862003177808
v 0.34353184700012207 4.352096066548752 -0.9441526154900521
v 0.21231476962566376 4.168761052468591 -1.103253706199899
v 0.1116209626197815 4.130785129206379 -1.1923142111825165
v 0.13797087967395782 4.155613032969779 -1.269516953032127
v 0.29222583770751953 4.245019712084031 -1.0177425123003925
v 0.21231476962566376 4.168761052468591 -1.103253706199899
v 0.26243525743484497 4.215985707168388 -1.250101924195461
v 0.29222583770751953 4.245019712084031 -1.0177425123003925
v 0.11162085086107254 4.204848426217117 -0.892825852372021
v 0.0810975730419159 4.139574816592118 -1.0124961457251085
v 0.34353184700012207 4.352096066548752 -0.9441526154900521
v 0.1312180459499359 4.304871973206636 -0.7973037464630013
v 0.11162085086107254 4.204848426217117 -0.892825852372021
v 0.3612106740474701 4.479509147250359 -0.8896862003177808
v 0.13797077536582947 4.429854374282751 -0.7352801243578491
v 0.1312180459499359 4.304871973206636 -0.7973037464630013
v 0.21231476962566376 4.168761052468591 -1.103253706199899
v 0.0810975730419159 4.139574816592118 -1.0124961457251085
v 0.0426359586417675 4.115441244515963 -1.1446004709337325
v -0.08109579235315323 4.139574816592118 -1.0124961457251085
v -0.042634181678295135 4.115441244515963 -1.1446004709337325
v 0.0426359586417675 4.115441244515963 -1.1446004709337325
v 0.11162085086107254 4.204848426217117 -0.892825852372021
v -0.11161915957927704 4.204848906764976 -0.8928258519926109
v -0.08109579235315323 4.139574816592118 -1.0124961457251085
v 0.1312180459499359 4.304871973206636 -0.7973037464630013
v -0.13121628761291504 4.304871973206636 -0.7973037464630013
v -0.11161915957927704 4.204848906764976 -0.8928258519926109
v -0.1379690021276474 4.429854374282751 -0.7352801243578491
v -0.13121628761291504 4.304871973206636 -0.7973037464630013
v 0.1312180459499359 4.304871973206636 -0.7973037464630013
v -0.361208975315094 4.4795087181269295 -0.8896857866458678
v -0.34353014826774597 4.352096066548752 -0.9441526154900521
v -0.13121628761291504 4.304871973206636 -0.7973037464630013
v -0.08109579235315323 4.139574816592118 -1.0124961457251085
v -0.2123129963874817 4.168761052468591 -1.103253706199899
v -0.11161918193101883 4.130785129206379 -1.1923142111825165
v 0.36121049523353577 5.860453050143071 -0.44559445688114807
v 0.13797058165073395 5.810798748540389 -0.29118845447954245
v 0.13797061145305634 5.580641166629849 -0.3652039424093163
v 0.3612104058265686 6.021138626407327 -0.945261480691453
v 0.4464806020259857 5.9407960987515835 -0.6954278059335759
v 0.4464806318283081 5.7106385737752365 -0.769442835449385
v -0.29222413897514343 4.245019712084031 -1.0177425123003925
v -0.2123129963874817 4.168761052468591 -1.103253706199899
v -0.08109579235315323 4.139574816592118 -1.0124961457251085
v -0.44647926092147827 5.710638566428889 -0.7694428945995737
v -0.44647929072380066 5.940795618203724 -0.6954278063129857
v -0.3612092435359955 6.021138619060981 -0.945261539841642
v 0.4464806318283081 5.7106385737752365 -0.769442835449385
v 0.4464806020259857 5.9407960987515835 -0.6954278059335759
v 0.36121049523353577 5.860453050143071 -0.44559445688114807
v -0.34353014826774597 4.352096066548752 -0.9441526154900521
v -0.29222413897514343 4.245019712084031 -1.0177425123003925
v -0.11161915957927704 4.204848906764976 -0.8928258519926109
v -0.13796916604042053 5.580641162956676 -0.3652039719844107
v -0.13796919584274292 5.810798266155943 -0.2911884696464997
v -0.3612091541290283 5.860453097894329 -0.44559407240491944
v -0.1379692256450653 5.84063586705224 -1.1736826453173828
v -0.1379692703485489 6.070792970251507 -1.099667142979472
v 0.1379704773426056 6.070792970251507 -1.099667142979472
v -0.44647911190986633 4.559851718984186 -1.1395195201745243
v -0.4246268570423126 4.42850645453812 -1.1817585717903816
v -0.34353014826774597 4.352096066548752 -0.9441526154900521
v -0.2123129963874817 4.168761052468591 -1.103253706199899
v -0.2624335289001465 4.215985204581487 -1.250102102025438
v -0.13796910643577576 4.155613032969779 -1.269516953032127
v -0.36120912432670593 5.630295517820375 -0.5196095455471461
v -0.3612091541290283 5.860453097894329 -0.44559407240491944
v -0.44647929072380066 5.940795618203724 -0.6954278063129857
v -0.3612092137336731 5.790981508515366 -1.0192771013297421
v -0.3612092435359955 6.021138619060981 -0.945261539841642
v -0.1379692703485489 6.070792970251507 -1.099667142979472
v -0.36120912432670593 4.310018355049358 -1.2198624468094863
v -0.2624335289001465 4.215985204581487 -1.250102102025438
v -0.2123129963874817 4.168761052468591 -1.103253706199899
v 0.1379704773426056 6.070792970251507 -1.099667142979472
v 0.3612104058265686 6.021138626407327 -0.945261480691453
v 0.361210435628891 5.790981523208061 -1.019276983029364
v 0.13797061145305634 5.580641166629849 -0.3652039424093163
v 0.13797058165073395 5.810798748540389 -0.29118845447954245
v -0.13796919584274292 5.810798266155943 -0.2911884696464997
v -0.4246268570423126 4.42850645453812 -1.1817585717903816
v -0.36120912432670593 4.310018355049358 -1.2198624468094863
v -0.29222413897514343 4.245019712084031 -1.0177425123003925
v -0.11161942780017853 6.369862160230274 -0.6426334997812222
v -0.21231327950954437 6.331886640379274 -0.7316946254614138
v -0.2624337673187256 6.284661578595091 -0.5848458163433721
v -0.42462706565856934 6.07214125300244 -0.6531896415705534
v -0.3435303866863251 6.148552136232362 -0.8907954791910946
v -0.3612092435359955 6.021138619060981 -0.945261539841642
v -0.29222434759140015 6.255628068920003 -0.8172051095586523
v -0.3435303866863251 6.148552136232362 -0.8907954791910946
v -0.42462706565856934 6.07214125300244 -0.6531896415705534
v -0.21231327950954437 6.331886640379274 -0.7316946254614138
v -0.29222434759140015 6.255628068920003 -0.8172051095586523
v -0.36120936274528503 6.190629851404929 -0.6150856182965663
v -0.04263447970151901 6.3852064483319015 -0.6903478607275804
v -0.0810961127281189 6.361072461825013 -0.8224516539639133
v -0.21231327950954437 6.331886640379274 -0.7316946254614138
v -0.3435303866863251 6.148552136232362 -0.8907954791910946
v -0.13121654093265533 6.19577628099891 -1.0376439341668227
v -0.1379692703485489 6.070792970251507 -1.099667142979472
v -0.11161942780017853 6.295799791256692 -0.9421221240087481
v -0.13121654093265533 6.19577628099891 -1.0376439341668227
v -0.3435303866863251 6.148552136232362 -0.8907954791910946
v -0.0810961127281189 6.361072461825013 -0.8224516539639133
v -0.11161942780017853 6.295799791256692 -0.9421221240087481
v -0.29222434759140015 6.255628068920003 -0.8172051095586523
v 0.042635608464479446 6.3852064483319015 -0.6903478607275804
v 0.08109723031520844 6.361072461825013 -0.8224516539639133
v -0.0810961127281189 6.361072461825013 -0.8224516539639133
v -0.13121654093265533 6.19577628099891 -1.0376439341668227
v 0.13121777772903442 6.195776295691604 -1.0376438158664445
v 0.1379704773426056 6.070792970251507 -1.099667142979472
v -0.11161942780017853 6.295799791256692 -0.9421221240087481
v 0.11162058264017105 6.295799791256692 -0.9421221240087481
v 0.13121777772903442 6.195776295691604 -1.0376438158664445
v 0.08109723031520844 6.361072461825013 -0.8224516539639133
v 0.11162058264017105 6.295799791256692 -0.9421221240087481
v -0.11161942780017853 6.295799791256692 -0.9421221240087481
v 0.2123144119977951 6.331886640379274 -0.7316946254614138
v 0.29222559928894043 6.25562807626635 -0.8172050504084634
v 0.11162058264017105 6.295799791256692 -0.9421221240087481
v 0.042635608464479446 6.3852064483319015 -0.6903478607275804
v 0.11162056028842926 6.3698621565571 -0.6426335293563166
v 0.2123144119977951 6.331886640379274 -0.7316946254614138
v 0.3435315787792206 6.148552128886014 -0.8907955383412838
v 0.3612104058265686 6.021138626407327 -0.945261480691453
v 0.1379704773426056 6.070792970251507 -1.099667142979472
v 0.29222559928894043 6.25562807626635 -0.8172050504084634
v 0.3435315787792206 6.148552128886014 -0.8907955383412838
v 0.13121777772903442 6.195776295691604 -1.0376438158664445
v 0.2123144119977951 6.331886640379274 -0.7316946254614138
v 0.2624349296092987 6.284662073835645 -0.5848456976635839
v 0.36121055483818054 6.190629370857069 -0.6150856186759763
v 0.11162056028842926 6.3698621565571 -0.6426335293563166
v 0.1379704624414444 6.345035221235766 -0.5654307275976966
v 0.2624349296092987 6.284662073835645 -0.5848456976635839
v 0.4246283173561096 6.072141748242994 -0.6531895228907652
v 0.4464806020259857 5.9407960987515835 -0.6954278059335759
v 0.3612104058265686 6.021138626407327 -0.945261480691453
v 0.29222559928894043 6.25562807626635 -0.8172050504084634
v 0.36121055483818054 6.190629370857069 -0.6150856186759763
v 0.4246283173561096 6.072141748242994 -0.6531895228907652
v 0.29222559928894043 6.125631208439601 -0.41296568378747267
v 0.3435315787792206 5.995730868686246 -0.41558365569512956
v 0.4246283173561096 6.072141748242994 -0.6531895228907652
v 0.21231447160243988 6.237437430155369 -0.4379973909427386
v 0.29222559928894043 6.125631208439601 -0.41296568378747267
v 0.36121055483818054 6.190629370857069 -0.6150856186759763
v 0.11162056028842926 6.32020781271292 -0.4882278670682978
v 0.21231447160243988 6.237437430155369 -0.4379973909427386
v 0.2624349296092987 6.284662073835645 -0.5848456976635839
v 0.3435315787792206 5.995730868686246 -0.41558365569512956
v 0.36121049523353577 5.860453050143071 -0.44559445688114807
v 0.4464806020259857 5.9407960987515835 -0.6954278059335759
v 0.13121777772903442 5.948506722083111 -0.2687352155069489
v 0.13797058165073395 5.810798748540389 -0.29118845447954245
v 0.36121049523353577 5.860453050143071 -0.44559445688114807
v 0.11162058264017105 6.085459429168719 -0.2880491277513417
v 0.13121777772903442 5.948506722083111 -0.2687352155069489
v 0.3435315787792206 5.995730868686246 -0.41558365569512956
v 0.08109728246927261 6.2082516674804085 -0.3472398892387272
v 0.11162058264017105 6.085459429168719 -0.2880491277513417
v 0.29222559928894043 6.125631208439601 -0.41296568378747267
v 0.04263561964035034 6.3048639390420265 -0.4405140380942305
v 0.08109728246927261 6.2082516674804085 -0.3472398892387272
v 0.21231447160243988 6.237437430155369 -0.4379973909427386
v 0.04263561964035034 6.3048639390420265 -0.4405140380942305
v -0.04263446852564812 6.3048639427152 -0.4405140085191359
v -0.08109608292579651 6.2082516674804085 -0.3472398892387272
v -0.13121657073497772 5.948506711063589 -0.26873530423223246
v -0.13796919584274292 5.810798266155943 -0.2911884696464997
v 0.13797058165073395 5.810798748540389 -0.29118845447954245
v 0.11162058264017105 6.085459429168719 -0.2880491277513417
v -0.11161942780017853 6.085459431005306 -0.28804911296379454
v -0.13121657073497772 5.948506711063589 -0.26873530423223246
v -0.08109608292579651 6.2082516674804085 -0.3472398892387272
v -0.11161942780017853 6.085459431005306 -0.28804911296379454
v 0.11162058264017105 6.085459429168719 -0.2880491277513417
v -0.04263446852564812 6.3048639427152 -0.4405140085191359
v -0.11161944270133972 6.32020781271292 -0.4882278670682978
v -0.21231327950954437 6.237437907030055 -0.43799742013842313
v -0.13121657073497772 5.948506711063589 -0.26873530423223246
v -0.34353044629096985 5.995730872359419 -0.4155836261200352
v -0.3612091541290283 5.860453097894329 -0.44559407240491944
v -0.11161942780017853 6.085459431005306 -0.28804911296379454
v -0.29222437739372253 6.125630727891742 -0.41296568416688273
v -0.34353044629096985 5.995730872359419 -0.4155836261200352
v -0.08109608292579651 6.2082516674804085 -0.3472398892387272
v -0.21231327950954437 6.237437907030055 -0.43799742013842313
v -0.29222437739372253 6.125630727891742 -0.41296568416688273
v -0.2624337673187256 6.284661578595091 -0.5848458163433721
v -0.36120936274528503 6.190629851404929 -0.6150856182965663
v -0.29222437739372253 6.125630727891742 -0.41296568416688273
v -0.13796932995319366 6.34503522490894 -0.565430698022602
v -0.2624337673187256 6.284661578595091 -0.5848458163433721
v -0.21231327950954437 6.237437907030055 -0.43799742013842313
v -0.34353044629096985 5.995730872359419 -0.4155836261200352
v -0.42462706565856934 6.07214125300244 -0.6531896415705534
v -0.44647929072380066 5.940795618203724 -0.6954278063129857
v -0.29222437739372253 6.125630727891742 -0.41296568416688273
v -0.36120936274528503 6.190629851404929 -0.6150856182965663
v -0.42462706565856934 6.07214125300244 -0.6531896415705534
v 0.13797077536582947 4.429854374282751 -0.7352801243578491
v 0.13797074556350708 4.660011899259099 -0.66126509484204
v -0.1379690319299698 4.660011899259099 -0.66126509484204
v 0.13797074556350708 4.660011899259099 -0.66126509484204
v 0.1379707008600235 4.890169009804714 -0.58724953335394
v -0.13796906173229218 4.890169009804714 -0.58724953335394
v 0.1379706710577011 5.1203265862054925 -0.513234089786808
v -0.13796909153461456 5.1203265862054925 -0.513234089786808
v -0.13796906173229218 4.890169009804714 -0.58724953335394
v 0.13797064125537872 5.3504836416535015 -0.4392189719251254
v -0.13796912133693695 5.350483634307154 -0.43921903107531435
v -0.13796909153461456 5.1203265862054925 -0.513234089786808
v 0.13797064125537872 5.3504836416535015 -0.4392189719251254
v 0.13797061145305634 5.580641166629849 -0.3652039424093163
v -0.13796916604042053 5.580641162956676 -0.3652039719844107
v 0.13797062635421753 4.9200066107010105 -1.469743709024823
v 0.36121055483818054 4.870352266856831 -1.3153380467368043
v 0.36121058464050293 4.640194734534137 -1.3893531354028026
v 0.13797059655189514 5.150163713900277 -1.395728206686912
v 0.36121052503585815 5.100509370056098 -1.2413225443988933
v 0.36121055483818054 4.870352266856831 -1.3153380467368043
v 0.13797056674957275 5.380320817099545 -1.3217127043490011
v 0.36121049523353577 5.330666946456878 -1.1673071008317613
v 0.36121052503585815 5.100509370056098 -1.2413225443988933
v 0.13797053694725037 5.610478334729544 -1.2476977339833808
v 0.3612104654312134 5.560823990885366 -1.093292071695362
v 0.36121049523353577 5.330666946456878 -1.1673071008317613
v 0.13797050714492798 5.84063586705224 -1.1736826453173828
v 0.361210435628891 5.790981523208061 -1.019276983029364
v 0.3612104654312134 5.560823990885366 -1.093292071695362
v -0.36120909452438354 4.8703517789626245 -1.3153381062664034
v -0.13796910643577576 4.9200066107010105 -1.469743709024823
v -0.13796907663345337 4.689849078378315 -1.543758797690821
v -0.36120909452438354 4.8703517789626245 -1.3153381062664034
v -0.36120912432670593 5.100509355363404 -1.2413226626992713
v -0.13796913623809814 5.150163713900277 -1.395728206686912
v -0.3612091541290283 5.33066645856267 -1.1673071603613603
v -0.13796916604042053 5.380321290301056 -1.32171276311978
v -0.13796913623809814 5.150163713900277 -1.395728206686912
v -0.3612091839313507 5.560823976192671 -1.0932921899957402
v -0.13796919584274292 5.610478349422239 -1.2476976156830029
v -0.13796916604042053 5.380321290301056 -1.32171276311978
v -0.3612092137336731 5.790981508515366 -1.0192771013297421
v -0.1379692256450653 5.84063586705224 -1.1736826453173828
v -0.13796919584274292 5.610478349422239 -1.2476976156830029
v -0.3612090051174164 4.709666250449625 -0.8156706979798698
v -0.4464791417121887 4.790008822183452 -1.065504017836613
v -0.44647911190986633 4.559851718984186 -1.1395195201745243
v -0.36120903491973877 4.939823353648892 -0.7416551956419588
v -0.4464791715145111 5.020166354506148 -0.991488929170615
v -0.4464791417121887 4.790008822183452 -1.065504017836613
v -0.36120906472206116 5.169980937396018 -0.6676396929246375
v -0.4464792013168335 5.250323879482496 -0.917473899654806
v -0.4464791715145111 5.020166354506148 -0.991488929170615
v -0.36120909452438354 5.400138462372366 -0.5936246634088285
v -0.4464792311191559 5.48048099002811 -0.8434583381667058
v -0.4464792013168335 5.250323879482496 -0.917473899654806
v -0.36120912432670593 5.630295517820375 -0.5196095455471461
v -0.44647926092147827 5.710638566428889 -0.7694428945995737
v -0.4464792311191559 5.48048099002811 -0.8434583381667058
v -0.13796907663345337 4.689849078378315 -1.543758797690821
v -0.13796910643577576 4.9200066107010105 -1.469743709024823
v 0.13797062635421753 4.9200066107010105 -1.469743709024823
v -0.13796910643577576 4.9200066107010105 -1.469743709024823
v -0.13796913623809814 5.150163713900277 -1.395728206686912
v 0.13797059655189514 5.150163713900277 -1.395728206686912
v -0.13796913623809814 5.150163713900277 -1.395728206686912
v -0.13796916604042053 5.380321290301056 -1.32171276311978
v 0.13797056674957275 5.380320817099545 -1.3217127043490011
v -0.13796916604042053 5.380321290301056 -1.32171276311978
v -0.13796919584274292 5.610478349422239 -1.2476976156830029
v 0.13797053694725037 5.610478334729544 -1.2476977339833808
v -0.13796919584274292 5.610478349422239 -1.2476976156830029
v -0.1379692256450653 5.84063586705224 -1.1736826453173828
v 0.13797050714492798 5.84063586705224 -1.1736826453173828
v -0.1379690319299698 4.660011899259099 -0.66126509484204
v -0.3612090051174164 4.709666250449625 -0.8156706979798698
v -0.361208975315094 4.4795087181269295 -0.8896857866458678
v -0.1379690319299698 4.660011899259099 -0.66126509484204
v -0.13796906173229218 4.890169009804714 -0.58724953335394
v -0.36120903491973877 4.939823353648892 -0.7416551956419588
v -0.13796906173229218 4.890169009804714 -0.58724953335394
v -0.13796909153461456 5.1203265862054925 -0.513234089786808
v -0.36120906472206116 5.169980937396018 -0.6676396929246375
v -0.13796912133693695 5.350483634307154 -0.43921903107531435
v -0.36120909452438354 5.400138462372366 -0.5936246634088285
v -0.36120906472206116 5.169980937396018 -0.6676396929246375
v -0.13796916604042053 5.580641162956676 -0.3652039719844107
v -0.36120912432670593 5.630295517820375 -0.5196095455471461
v -0.36120909452438354 5.400138462372366 -0.5936246634088285
v 0.44648075103759766 4.79000931007766 -1.065503958307014
v 0.3612106442451477 4.7096662577959725 -0.8156706388296806
v 0.3612106740474701 4.479509147250359 -0.8896862003177808
v 0.44648075103759766 4.79000931007766 -1.065503958307014
v 0.44648072123527527 5.020166361852495 -0.9914888700204261
v 0.3612106144428253 4.93982378277232 -0.7416556093138715
v 0.44648072123527527 5.020166361852495 -0.9914888700204261
v 0.4464806914329529 5.250323894175191 -0.917473781354428
v 0.36121058464050293 5.169981307748667 -0.6676405797980625
v 0.4464806616306305 5.48048099002811 -0.8434583381667058
v 0.36121055483818054 5.400138418294282 -0.5936250183099627
v 0.36121058464050293 5.169981307748667 -0.6676405797980625
v 0.4464806318283081 5.7106385737752365 -0.769442835449385
v 0.36121052503585815 5.630295994695061 -0.5196095747428304
v 0.36121055483818054 5.400138418294282 -0.5936250183099627
v -0.4464791417121887 4.790008822183452 -1.065504017836613
v -0.36120909452438354 4.8703517789626245 -1.3153381062664034
v -0.36120906472206116 4.640194734534137 -1.3893531354028026
v -0.4464791715145111 5.020166354506148 -0.991488929170615
v -0.36120912432670593 5.100509355363404 -1.2413226626992713
v -0.36120909452438354 4.8703517789626245 -1.3153381062664034
v -0.4464792013168335 5.250323879482496 -0.917473899654806
v -0.3612091541290283 5.33066645856267 -1.1673071603613603
v -0.36120912432670593 5.100509355363404 -1.2413226626992713
v -0.4464792013168335 5.250323879482496 -0.917473899654806
v -0.4464792311191559 5.48048099002811 -0.8434583381667058
v -0.3612091839313507 5.560823976192671 -1.0932921899957402
v -0.4464792311191559 5.48048099002811 -0.8434583381667058
v -0.44647926092147827 5.710638566428889 -0.7694428945995737
v -0.3612092137336731 5.790981508515366 -1.0192771013297421
v 0.36121055483818054 4.870352266856831 -1.3153380467368043
v 0.44648075103759766 4.79000931007766 -1.065503958307014
v 0.44648078083992004 4.559852206878392 -1.1395194606449253
v 0.36121055483818054 4.870352266856831 -1.3153380467368043
v 0.36121052503585815 5.100509370056098 -1.2413225443988933
v 0.44648072123527527 5.020166361852495 -0.9914888700204261
v 0.36121052503585815 5.100509370056098 -1.2413225443988933
v 0.36121049523353577 5.330666946456878 -1.1673071008317613
v 0.4464806914329529 5.250323894175191 -0.917473781354428
v 0.3612104654312134 5.560823990885366 -1.093292071695362
v 0.4464806616306305 5.48048099002811 -0.8434583381667058
v 0.4464806914329529 5.250323894175191 -0.917473781354428
v 0.3612104654312134 5.560823990885366 -1.093292071695362
v 0.361210435628891 5.790981523208061 -1.019276983029364
v 0.4464806318283081 5.7106385737752365 -0.769442835449385
v 0.3612106442451477 4.7096662577959725 -0.8156706388296806
v 0.13797074556350708 4.660011899259099 -0.66126509484204
v 0.13797077536582947 4.429854374282751 -0.7352801243578491
v 0.3612106144428253 4.93982378277232 -0.7416556093138715
v 0.1379707008600235 4.890169009804714 -0.58724953335394
v 0.13797074556350708 4.660011899259099 -0.66126509484204
v 0.36121058464050293 5.169981307748667 -0.6676405797980625
v 0.1379706710577011 5.1203265862054925 -0.513234089786808
v 0.1379707008600235 4.890169009804714 -0.58724953335394
v 0.36121058464050293 5.169981307748667 -0.6676405797980625
v 0.36121055483818054 5.400138418294282 -0.5936250183099627
v 0.13797064125537872 5.3504836416535015 -0.4392189719251254
v 0.36121055483818054 5.400138418294282 -0.5936250183099627
v 0.36121052503585815 5.630295994695061 -0.5196095747428304
v 0.13797061145305634 5.580641166629849 -0.3652039424093163
vn -0.6074204376599063 -0.756238593555005 -0.2431945754555308
vn -0.2724087831935328 -0.8358032095961102 -0.47668275579032604
vn -0.3367183564078953 -0.8963945213247172 -0.28826656170460846
vn -0.6627489301626808 -0.3985612146761606 -0.6339659405079151
vn -0.6074204376599063 -0.756238593555005 -0.2431945754555308
vn -0.8191990363261941 -0.5459724464299838 -0.17557627009790794
vn -0.9538386452777545 -0.28589981072799725 -0.09194094300361198
vn -0.6627489301626808 -0.3985612146761606 -0.6339659405079151
vn -0.8191990363261941 -0.5459724464299838 -0.17557627009790794
vn -0.3367183564078953 -0.8963945213247172 -0.28826656170460846
vn -0.2724087831935328 -0.8358032095961102 -0.47668275579032604
vn 2.949056979280303e-16 -0.9519853144899273 -0.3061436933786395
vn -0.8065971838025002 0.10583961091260413 -0.5815487596442317
vn -0.9538386452777545 -0.28589981072799725 -0.09194094300361198
vn -0.9970094327503102 -0.07356937865962458 -0.02365877280294403
vn -0.25315055352427557 -0.3074572390549397 -0.9172703218806693
vn -0.49141150105865516 -0.6469376399094899 -0.5830835503558802
vn -0.6627489301626808 -0.3985612146761606 -0.6339659405079151
vn -0.7716718748249964 -0.11426105030733905 -0.6256731814507787
vn -0.25315055352427557 -0.3074572390549397 -0.9172703218806693
vn -0.6627489301626808 -0.3985612146761606 -0.6339659405079151
vn -0.2724087831935328 -0.8358032095961102 -0.47668275579032604
vn -0.10404950835860395 -0.7983556610373564 -0.5931289390174268
vn 2.949056979280303e-16 -0.9519853144899273 -0.3061436933786395
vn -0.30809095934627573 0.2167197508883964 -0.9263436243338445
vn -0.7716718748249964 -0.11426105030733905 -0.6256731814507787
vn -0.8065971838025002 0.10583961091260413 -0.5815487596442317
vn -0.18770031410468904 -0.5793829221909615 -0.7931481712507841
vn -0.2724087831935328 -0.8358032095961102 -0.47668275579032604
vn -0.49141150105865516 -0.6469376399094899 -0.5830835503558802
vn 0.30809095934627573 0.2167197508883964 -0.9263436243338445
vn -0.29475137017379666 -0.008182025392374143 -0.9555389496201333
vn -0.30809095934627573 0.2167197508883964 -0.9263436243338445
vn 0.18770031410468904 -0.5793829221909615 -0.7931481712507841
vn -0.10404950835860395 -0.7983556610373564 -0.5931289390174268
vn -0.18770031410468904 -0.5793829221909615 -0.7931481712507841
vn 0.25315055352427557 -0.3074572390549397 -0.9172703218806693
vn -0.18770031410468904 -0.5793829221909615 -0.7931481712507841
vn -0.25315055352427557 -0.3074572390549397 -0.9172703218806693
vn 0.29475137017379666 -0.008182025392374143 -0.9555389496201333
vn -0.25315055352427557 -0.3074572390549397 -0.9172703218806693
vn -0.29475137017379666 -0.008182025392374143 -0.9555389496201333
vn -0.10404950835860395 -0.7983556610373564 -0.5931289390174268
vn 0.10404950835860395 -0.7983556610373564 -0.5931289390174268
vn 2.949056979280303e-16 -0.9519853144899273 -0.3061436933786395
vn 0.10404950835860395 -0.7983556610373564 -0.5931289390174268
vn 0.2724087831935328 -0.8358032095961102 -0.47668275579032604
vn 2.949056979280303e-16 -0.9519853144899273 -0.3061436933786395
vn 0.30809095934627573 0.2167197508883964 -0.9263436243338445
vn 0.7716718748249964 -0.11426105030733905 -0.6256731814507787
vn 0.29475137017379666 -0.008182025392374143 -0.9555389496201333
vn 0.18770031410468904 -0.5793829221909615 -0.7931481712507841
vn 0.2724087831935328 -0.8358032095961102 -0.47668275579032604
vn 0.10404950835860395 -0.7983556610373564 -0.5931289390174268
vn 0.25315055352427557 -0.3074572390549397 -0.9172703218806693
vn 0.49141150105865516 -0.6469376399094899 -0.5830835503558802
vn 0.18770031410468904 -0.5793829221909615 -0.7931481712507841
vn 0.29475137017379666 -0.008182025392374143 -0.9555389496201333
vn 0.6627489301626808 -0.3985612146761606 -0.6339659405079151
vn 0.25315055352427557 -0.3074572390549397 -0.9172703218806693
vn 0.7716718748249964 -0.11426105030733905 -0.6256731814507787
vn 0.8191990363261941 -0.5459724464299838 -0.17557627009790794
vn 0.6627489301626808 -0.3985612146761606 -0.6339659405079151
vn 0.2724087831935328 -0.8358032095961102 -0.47668275579032604
vn 0.3367183564078953 -0.8963945213247172 -0.28826656170460846
vn 2.949056979280303e-16 -0.9519853144899273 -0.3061436933786395
vn 0.8065937130885091 0.10584045561677935 -0.5815534196966986
vn 0.9538386452777545 -0.28589981072799725 -0.09194094300361198
vn 0.7716718748249964 -0.11426105030733905 -0.6256731814507787
vn 0.6074204376599063 -0.756238593555005 -0.2431945754555308
vn 0.2724087831935328 -0.8358032095961102 -0.47668275579032604
vn 0.49141150105865516 -0.6469376399094899 -0.5830835503558802
vn 0.6627489301626808 -0.3985612146761606 -0.6339659405079151
vn 0.6074204376599063 -0.756238593555005 -0.2431945754555308
vn 0.49141150105865516 -0.6469376399094899 -0.5830835503558802
vn 0.7716718796874968 -0.4575408279540274 0.44179056220647
vn 0.8191990363261941 -0.5459724464299838 -0.17557627009790794
vn 0.9538386452777545 -0.28589981072799725 -0.09194094300361198
vn 0.3367183564078953 -0.8963945213247172 -0.28826656170460846
vn 0.2724093196672272 -0.9569854141637096 -0.09986030060215027
vn 2.949056979280303e-16 -0.9519853144899273 -0.3061436933786395
vn 0.9970094326550475 -0.07356631873366248 -0.02366828985874421
vn 0.7716718796874968 -0.4575408279540274 0.44179056220647
vn 0.9538386452777545 -0.28589981072799725 -0.09194094300361198
vn 0.49141151680173184 -0.8655432680025357 0.09669318678227508
vn 0.3367183564078953 -0.8963945213247172 -0.28826656170460846
vn 0.6074204376599063 -0.756238593555005 -0.2431945754555308
vn 0.6627433437724946 -0.6933878424427274 0.2828154172563305
vn 0.6074204376599063 -0.756238593555005 -0.2431945754555308
vn 0.8191990363261941 -0.5459724464299838 -0.17557627009790794
vn 0.6627433437724946 -0.6933878424427274 0.2828154172563305
vn 0.1877003135293121 -0.9330958300397788 0.3067584787147276
vn 0.49141151680173184 -0.8655432680025357 0.09669318678227508
vn 0.7716718796874968 -0.4575408279540274 0.44179056220647
vn 0.2531392505399804 -0.7844903627768082 0.5661231231334483
vn 0.6627433437724946 -0.6933878424427274 0.2828154172563305
vn 0.2724093196672272 -0.9569854141637096 -0.09986030060215027
vn 0.10404951182044177 -0.9944336482667768 0.01659573091961146
vn 2.949056979280303e-16 -0.9519853144899273 -0.3061436933786395
vn 0.8066019349614876 -0.25297635328864004 0.5342249368881665
vn 0.29475048192382275 -0.5636289251316138 0.7716505609151437
vn 0.7716718796874968 -0.4575408279540274 0.44179056220647
vn 0.49141151680173184 -0.8655432680025357 0.09669318678227508
vn 0.10404951182044177 -0.9944336482667768 0.01659573091961146
vn 0.2724093196672272 -0.9569854141637096 -0.09986030060215027
vn -0.1877003135293121 -0.9330958300397788 0.3067584787147276
vn 0.10404951182044177 -0.9944336482667768 0.01659573091961146
vn 0.1877003135293121 -0.9330958300397788 0.3067584787147276
vn 0.2531392505399804 -0.7844903627768082 0.5661231231334483
vn -0.1877003135293121 -0.9330958300397788 0.3067584787147276
vn 0.1877003135293121 -0.9330958300397788 0.3067584787147276
vn 0.29475048192382275 -0.5636289251316138 0.7716505609151437
vn -0.2531485820391547 -0.7844883907481937 0.5661216832032443
vn 0.2531392505399804 -0.7844903627768082 0.5661231231334483
vn 0.10404951182044177 -0.9944336482667768 0.01659573091961146
vn -0.10404951182044177 -0.9944336482667768 0.01659573091961146
vn 2.949056979280303e-16 -0.9519853144899273 -0.3061436933786395
vn -0.3080999874686027 -0.363857951871716 0.8790232013897966
vn 0.29475048192382275 -0.5636289251316138 0.7716505609151437
vn 0.3080909542205267 -0.36385905186984013 0.8790259121890927
vn -0.8065971962180938 -0.2529779423397687 0.5342313391618343
vn -0.29475048192382275 -0.5636289251316138 0.7716505609151437
vn -0.3080999874686027 -0.363857951871716 0.8790232013897966
vn -0.1877003135293121 -0.9330958300397788 0.3067584787147276
vn -0.2724093196672272 -0.9569854141637096 -0.09986030060215027
vn -0.10404951182044177 -0.9944336482667768 0.01659573091961146
vn 0.8066019348851746 -0.1058371567046068 0.5815426165812586
vn 0.30901869749675226 -0.29115978437477097 0.905391310185959
vn 0.809015747309592 -0.17994726330118155 0.5595645655646161
vn 0.8065971962180938 0.2529779423397687 -0.5342313391618343
vn 1 1.797413496507495e-16 4.0436755976085967e-16
vn 0.8090123226649842 0.17994870984987418 -0.559569051681357
vn -0.6627401503807011 -0.6933875745215371 0.28282355731534353
vn -0.1877003135293121 -0.9330958300397788 0.3067584787147276
vn -0.2531485820391547 -0.7844883907481937 0.5661216832032443
vn -1 -1.797413496507495e-16 -4.0436755976085967e-16
vn -0.8065971962180938 0.2529779423397687 -0.5342313391618343
vn -0.8090123226649842 0.17994870984987418 -0.559569051681357
vn 1 1.797413496507495e-16 4.0436755976085967e-16
vn 0.8066019348851746 -0.1058371567046068 0.5815426165812586
vn 0.809015747309592 -0.17994726330118155 0.5595645655646161
vn -0.7716695737649618 -0.4575489531122841 0.44178617501145817
vn -0.2531485820391547 -0.7844883907481937 0.5661216832032443
vn -0.29475048192382275 -0.5636289251316138 0.7716505609151437
vn -0.10404951182044177 -0.9944336482667768 0.01659573091961146
vn -0.2724093196672272 -0.9569854141637096 -0.09986030060215027
vn 2.949056979280303e-16 -0.9519853144899273 -0.3061436933786395
vn -0.30901869749675226 -0.29115978437477097 0.905391310185959
vn -0.8065971838025002 -0.10583961091260413 0.5815487596442317
vn -0.8090205175599753 -0.17994526265758037 0.5595583120766632
vn -0.2724093196672272 -0.9569854141637096 -0.09986030060215027
vn -0.3367183564078953 -0.8963945213247172 -0.28826656170460846
vn 2.949056979280303e-16 -0.9519853144899273 -0.3061436933786395
vn -0.30900963283587096 0.29116069146276624 -0.9053941122856743
vn 0.3080909542205267 0.36385905186984013 -0.8790259121890927
vn 0.30901869749675226 0.29115978437477097 -0.905391310185959
vn -0.9970094327503102 -0.07356937865962458 -0.02365877280294403
vn -0.7716695737649618 -0.4575489531122841 0.44178617501145817
vn -0.8065971962180938 -0.2529779423397687 0.5342313391618343
vn -0.49141151680173184 -0.8655432680025357 0.09669318678227508
vn -0.3367183564078953 -0.8963945213247172 -0.28826656170460846
vn -0.2724093196672272 -0.9569854141637096 -0.09986030060215027
vn -0.8090205175599753 -0.17994526265758037 0.5595583120766632
vn -0.9970094327503102 0.07356937865962458 0.02365877280294403
vn -1 -1.797413496507495e-16 -4.0436755976085967e-16
vn -0.8090123226649842 0.17994870984987418 -0.559569051681357
vn -0.3080909542205267 0.36385905186984013 -0.8790259121890927
vn -0.30900963283587096 0.29116069146276624 -0.9053941122856743
vn -0.8191990363261941 -0.5459724464299838 -0.17557627009790794
vn -0.49141151680173184 -0.8655432680025357 0.09669318678227508
vn -0.6627401503807011 -0.6933875745215371 0.28282355731534353
vn 0.3080909542205267 0.36385905186984013 -0.8790259121890927
vn 0.8090123226649842 0.17994870984987418 -0.559569051681357
vn 0.30901869749675226 0.29115978437477097 -0.905391310185959
vn 0.30901869749675226 -0.29115978437477097 0.905391310185959
vn -0.30809095934627573 -0.2167197508883964 0.9263436243338445
vn -0.30901869749675226 -0.29115978437477097 0.905391310185959
vn -0.9538386452777545 -0.28589981072799725 -0.09194094300361198
vn -0.6627401503807011 -0.6933875745215371 0.28282355731534353
vn -0.7716695737649618 -0.4575489531122841 0.44178617501145817
vn -0.27240879066201223 0.9569865772403893 0.0998505971528697
vn -0.6074204376599063 0.756238593555005 0.2431945754555308
vn -0.3367183564078953 0.8963945213247172 0.28826656170460846
vn -0.9538386452777545 0.28589981072799725 0.09194094300361198
vn -0.8065971962180938 0.2529779423397687 -0.5342313391618343
vn -0.9970094327503102 0.07356937865962458 0.02365877280294403
vn -2.949056979280303e-16 0.9519853144899273 0.3061436933786395
vn -0.27240879066201223 0.9569865772403893 0.0998505971528697
vn -0.3367183564078953 0.8963945213247172 0.28826656170460846
vn -0.6627433437724946 0.6933878424427274 -0.2828154172563305
vn -0.9538386452777545 0.28589981072799725 0.09194094300361198
vn -0.8191990363261941 0.5459724464299838 0.17557627009790794
vn -0.49141151680173184 0.8655432680025357 -0.09669318678227508
vn -0.8191990363261941 0.5459724464299838 0.17557627009790794
vn -0.6074204376599063 0.756238593555005 0.2431945754555308
vn -0.10404951182044177 0.9944336482667768 -0.01659573091961146
vn -0.49141151680173184 0.8655432680025357 -0.09669318678227508
vn -0.27240879066201223 0.9569865772403893 0.0998505971528697
vn -0.7716718796874968 0.4575408279540274 -0.44179056220647
vn -0.3080909542205267 0.36385905186984013 -0.8790259121890927
vn -0.8065971962180938 0.2529779423397687 -0.5342313391618343
vn -2.949056979280303e-16 0.9519853144899273 0.3061436933786395
vn -0.10404951182044177 0.9944336482667768 -0.01659573091961146
vn -0.27240879066201223 0.9569865772403893 0.0998505971528697
vn -0.25314122161129987 0.7844934137371904 -0.5661180139547832
vn -0.7716718796874968 0.4575408279540274 -0.44179056220647
vn -0.6627433437724946 0.6933878424427274 -0.2828154172563305
vn -0.1877003135293121 0.9330958300397788 -0.3067584787147276
vn -0.6627433437724946 0.6933878424427274 -0.2828154172563305
vn -0.49141151680173184 0.8655432680025357 -0.09669318678227508
vn 0.10404951182044177 0.9944336482667768 -0.01659573091961146
vn -0.1877003135293121 0.9330958300397788 -0.3067584787147276
vn -0.10404951182044177 0.9944336482667768 -0.01659573091961146
vn -0.2947513698171773 0.563621095735997 -0.7716559404503096
vn 0.3080909542205267 0.36385905186984013 -0.8790259121890927
vn -0.3080909542205267 0.36385905186984013 -0.8790259121890927
vn -2.949056979280303e-16 0.9519853144899273 0.3061436933786395
vn 0.10404951182044177 0.9944336482667768 -0.01659573091961146
vn -0.10404951182044177 0.9944336482667768 -0.01659573091961146
vn -0.25314122161129987 0.7844934137371904 -0.5661180139547832
vn 0.2947513698171773 0.563621095735997 -0.7716559404503096
vn -0.2947513698171773 0.563621095735997 -0.7716559404503096
vn 0.1877003135293121 0.9330958300397788 -0.3067584787147276
vn -0.25314122161129987 0.7844934137371904 -0.5661180139547832
vn -0.1877003135293121 0.9330958300397788 -0.3067584787147276
vn 0.49141151680173184 0.8655432680025357 -0.09669318678227508
vn 0.2531505531056569 0.7844914416931041 -0.5661165740133166
vn 0.1877003135293121 0.9330958300397788 -0.3067584787147276
vn 0.10404951182044177 0.9944336482667768 -0.01659573091961146
vn 0.49141151680173184 0.8655432680025357 -0.09669318678227508
vn 0.1877003135293121 0.9330958300397788 -0.3067584787147276
vn 0.7716718796874968 0.4575408279540274 -0.44179056220647
vn 0.3080909542205267 0.36385905186984013 -0.8790259121890927
vn 0.2947513698171773 0.563621095735997 -0.7716559404503096
vn -2.949056979280303e-16 0.9519853144899273 0.3061436933786395
vn 0.27240879066201223 0.9569865772403893 0.0998505971528697
vn 0.10404951182044177 0.9944336482667768 -0.01659573091961146
vn 0.6627489380724229 0.6933832612791729 -0.2828135393890007
vn 0.2947513698171773 0.563621095735997 -0.7716559404503096
vn 0.2531505531056569 0.7844914416931041 -0.5661165740133166
vn 0.49141151680173184 0.8655432680025357 -0.09669318678227508
vn 0.8191990363261941 0.5459724464299838 0.17557627009790794
vn 0.6627489380724229 0.6933832612791729 -0.2828135393890007
vn 0.27240879066201223 0.9569865772403893 0.0998505971528697
vn 0.6074204376599063 0.756238593555005 0.2431945754555308
vn 0.49141151680173184 0.8655432680025357 -0.09669318678227508
vn 0.9538386452777545 0.28589981072799725 0.09194094300361198
vn 0.8065971962180938 0.2529779423397687 -0.5342313391618343
vn 0.7716718796874968 0.4575408279540274 -0.44179056220647
vn -2.949056979280303e-16 0.9519853144899273 0.3061436933786395
vn 0.3367183564078953 0.8963945213247172 0.28826656170460846
vn 0.27240879066201223 0.9569865772403893 0.0998505971528697
vn 0.6627489380724229 0.6933832612791729 -0.2828135393890007
vn 0.9538386452777545 0.28589981072799725 0.09194094300361198
vn 0.7716718796874968 0.4575408279540274 -0.44179056220647
vn -2.949056979280303e-16 0.9519853144899273 0.3061436933786395
vn 0.2724087831935328 0.8358032095961102 0.47668275579032604
vn 0.3367183564078953 0.8963945213247172 0.28826656170460846
vn 0.6627401731396584 0.3985588730089308 0.6339765671163775
vn 0.9538386452777545 0.28589981072799725 0.09194094300361198
vn 0.8191990363261941 0.5459724464299838 0.17557627009790794
vn 0.49141150105865516 0.6469376399094899 0.5830835503558802
vn 0.8191990363261941 0.5459724464299838 0.17557627009790794
vn 0.6074204376599063 0.756238593555005 0.2431945754555308
vn 0.2724087831935328 0.8358032095961102 0.47668275579032604
vn 0.6074204376599063 0.756238593555005 0.2431945754555308
vn 0.3367183564078953 0.8963945213247172 0.28826656170460846
vn 0.7716718748249964 0.11426105030733905 0.6256731814507787
vn 0.9970094327503102 0.07356937865962458 0.02365877280294403
vn 0.9538386452777545 0.28589981072799725 0.09194094300361198
vn 0.2947504743253241 0.008191532644831521 0.9555391445032093
vn 0.8066019348851746 -0.1058371567046068 0.5815426165812586
vn 0.7716718748249964 0.11426105030733905 0.6256731814507787
vn -2.949056979280303e-16 0.9519853144899273 0.3061436933786395
vn 0.10404950835860395 0.7983556610373564 0.5931289390174268
vn 0.2724087831935328 0.8358032095961102 0.47668275579032604
vn 0.25313924938957705 0.3074525445266187 0.9172750150759527
vn 0.7716718748249964 0.11426105030733905 0.6256731814507787
vn 0.6627401731396584 0.3985588730089308 0.6339765671163775
vn 0.18770031410468904 0.5793829221909615 0.7931481712507841
vn 0.6627401731396584 0.3985588730089308 0.6339765671163775
vn 0.49141150105865516 0.6469376399094899 0.5830835503558802
vn 0.10404950835860395 0.7983556610373564 0.5931289390174268
vn 0.49141150105865516 0.6469376399094899 0.5830835503558802
vn 0.2724087831935328 0.8358032095961102 0.47668275579032604
vn 0.10404950835860395 0.7983556610373564 0.5931289390174268
vn -0.18770031410468904 0.5793829221909615 0.7931481712507841
vn 0.18770031410468904 0.5793829221909615 0.7931481712507841
vn -0.2947504743253241 0.008191532644831521 0.9555391445032093
vn 0.3080999890599986 -0.2167190829927635 0.9263407773643587
vn 0.2947504743253241 0.008191532644831521 0.9555391445032093
vn -2.949056979280303e-16 0.9519853144899273 0.3061436933786395
vn -0.10404950835860395 0.7983556610373564 0.5931289390174268
vn 0.10404950835860395 0.7983556610373564 0.5931289390174268
vn 0.25313924938957705 0.3074525445266187 0.9172750150759527
vn -0.2947504743253241 0.008191532644831521 0.9555391445032093
vn 0.2947504743253241 0.008191532644831521 0.9555391445032093
vn -0.18770031410468904 0.5793829221909615 0.7931481712507841
vn 0.25313924938957705 0.3074525445266187 0.9172750150759527
vn 0.18770031410468904 0.5793829221909615 0.7931481712507841
vn -0.10404950835860395 0.7983556610373564 0.5931289390174268
vn -0.49141150105865516 0.6469376399094899 0.5830835503558802
vn -0.18770031410468904 0.5793829221909615 0.7931481712507841
vn -0.2947504743253241 0.008191532644831521 0.9555391445032093
vn -0.8065971838025002 -0.10583961091260413 0.5815487596442317
vn -0.30809095934627573 -0.2167197508883964 0.9263436243338445
vn -2.949056979280303e-16 0.9519853144899273 0.3061436933786395
vn -0.2724087831935328 0.8358032095961102 0.47668275579032604
vn -0.10404950835860395 0.7983556610373564 0.5931289390174268
vn -0.2531485902292064 0.3074517707774441 0.9172726965907028
vn -0.7716718748249964 0.11426105030733905 0.6256731814507787
vn -0.2947504743253241 0.008191532644831521 0.9555391445032093
vn -0.18770031410468904 0.5793829221909615 0.7931481712507841
vn -0.662743339978348 0.39856384351769225 0.6339701317528676
vn -0.2531485902292064 0.3074517707774441 0.9172726965907028
vn -0.6074204376599063 0.756238593555005 0.2431945754555308
vn -0.662743339978348 0.39856384351769225 0.6339701317528676
vn -0.49141150105865516 0.6469376399094899 0.5830835503558802
vn -0.3367183564078953 0.8963945213247172 0.28826656170460846
vn -0.49141150105865516 0.6469376399094899 0.5830835503558802
vn -0.2724087831935328 0.8358032095961102 0.47668275579032604
vn -0.7716718748249964 0.11426105030733905 0.6256731814507787
vn -0.9970094327503102 0.07356937865962458 0.02365877280294403
vn -0.8065971838025002 -0.10583961091260413 0.5815487596442317
vn -2.949056979280303e-16 0.9519853144899273 0.3061436933786395
vn -0.3367183564078953 0.8963945213247172 0.28826656170460846
vn -0.2724087831935328 0.8358032095961102 0.47668275579032604
vn -0.662743339978348 0.39856384351769225 0.6339701317528676
vn -0.9538386452777545 0.28589981072799725 0.09194094300361198
vn -0.7716718748249964 0.11426105030733905 0.6256731814507787
vn 0.3080909542205267 -0.36385905186984013 0.8790259121890927
vn -0.30901869749675226 -0.29115978437477097 0.905391310185959
vn -0.3080999874686027 -0.363857951871716 0.8790232013897966
vn 0.30901869749675226 -0.29115978437477097 0.905391310185959
vn -0.30900963283587096 -0.29116069146276624 0.9053941122856743
vn -0.30901869749675226 -0.29115978437477097 0.905391310185959
vn 0.30900963283587096 -0.29116069146276624 0.9053941122856743
vn -0.30900963283587096 -0.29116069146276624 0.9053941122856743
vn 0.3090216561460123 -0.29115948826294313 0.9053903955903424
vn 0.30900963283587096 -0.29116069146276624 0.9053941122856743
vn -0.30900963283587096 -0.29116069146276624 0.9053941122856743
vn 0.30900963283587096 -0.29116069146276624 0.9053941122856743
vn 0.30900963283587096 -0.29116069146276624 0.9053941122856743
vn -0.30901869749675226 -0.29115978437477097 0.905391310185959
vn -0.30901869749675226 -0.29115978437477097 0.905391310185959
vn 0.30901869749675226 0.29115978437477097 -0.905391310185959
vn 0.8065937130885091 0.10584045561677935 -0.5815534196966986
vn 0.30809095934627573 0.2167197508883964 -0.9263436243338445
vn 0.30901869749675226 0.29115978437477097 -0.905391310185959
vn 0.8090205175599753 0.17994526265758037 -0.5595583120766632
vn 0.30901869749675226 0.29115978437477097 -0.905391310185959
vn 0.30901869749675226 0.29115978437477097 -0.905391310185959
vn 0.809015747309592 0.17994726330118155 -0.5595645655646161
vn 0.30901869749675226 0.29115978437477097 -0.905391310185959
vn 0.30901869749675226 0.29115978437477097 -0.905391310185959
vn 0.8090123226649842 0.17994870984987418 -0.559569051681357
vn 0.30901869749675226 0.29115978437477097 -0.905391310185959
vn 0.30901869749675226 0.29115978437477097 -0.905391310185959
vn 0.8090205175599753 0.17994526265758037 -0.5595583120766632
vn 0.30901869749675226 0.29115978437477097 -0.905391310185959
vn -0.8090123226649842 0.17994870984987418 -0.559569051681357
vn -0.30809095934627573 0.2167197508883964 -0.9263436243338445
vn -0.8065971838025002 0.10583961091260413 -0.5815487596442317
vn -0.8090123226649842 0.17994870984987418 -0.559569051681357
vn -0.30901869749675226 0.29115978437477097 -0.905391310185959
vn -0.30900963283587096 0.29116069146276624 -0.9053941122856743
vn -0.8090123226649842 0.17994870984987418 -0.559569051681357
vn -0.30901869749675226 0.29115978437477097 -0.905391310185959
vn -0.8090205175599753 0.17994526265758037 -0.5595583120766632
vn -0.809015747309592 0.17994726330118155 -0.5595645655646161
vn -0.30901869749675226 0.29115978437477097 -0.905391310185959
vn -0.8090123226649842 0.17994870984987418 -0.559569051681357
vn -0.8090123226649842 0.17994870984987418 -0.559569051681357
vn -0.30901869749675226 0.29115978437477097 -0.905391310185959
vn -0.809015747309592 0.17994726330118155 -0.5595645655646161
vn -0.8090205175599753 -0.17994526265758037 0.5595583120766632
vn -0.9970094327503102 -0.07356937865962458 -0.02365877280294403
vn -0.8065971962180938 -0.2529779423397687 0.5342313391618343
vn -0.809015747309592 -0.17994726330118155 0.5595645655646161
vn -1 -1.797413496507495e-16 -4.0436755976085967e-16
vn -0.8090205175599753 -0.17994526265758037 0.5595583120766632
vn -0.8090123226649842 -0.17994870984987418 0.559569051681357
vn -1 -1.797413496507495e-16 -4.0436755976085967e-16
vn -0.809015747309592 -0.17994726330118155 0.5595645655646161
vn -0.809015747309592 -0.17994726330118155 0.5595645655646161
vn -1 -1.797413496507495e-16 -4.0436755976085967e-16
vn -0.8090123226649842 -0.17994870984987418 0.559569051681357
vn -0.8090205175599753 -0.17994526265758037 0.5595583120766632
vn -1 -1.797413496507495e-16 -4.0436755976085967e-16
vn -0.809015747309592 -0.17994726330118155 0.5595645655646161
vn -0.30809095934627573 0.2167197508883964 -0.9263436243338445
vn 0.30901869749675226 0.29115978437477097 -0.905391310185959
vn 0.30809095934627573 0.2167197508883964 -0.9263436243338445
vn -0.30900963283587096 0.29116069146276624 -0.9053941122856743
vn 0.30901869749675226 0.29115978437477097 -0.905391310185959
vn 0.30901869749675226 0.29115978437477097 -0.905391310185959
vn -0.30901869749675226 0.29115978437477097 -0.905391310185959
vn 0.30901869749675226 0.29115978437477097 -0.905391310185959
vn 0.30901869749675226 0.29115978437477097 -0.905391310185959
vn -0.30901869749675226 0.29115978437477097 -0.905391310185959
vn 0.30901869749675226 0.29115978437477097 -0.905391310185959
vn 0.30901869749675226 0.29115978437477097 -0.905391310185959
vn -0.30901869749675226 0.29115978437477097 -0.905391310185959
vn 0.30901869749675226 0.29115978437477097 -0.905391310185959
vn 0.30901869749675226 0.29115978437477097 -0.905391310185959
vn -0.30901869749675226 -0.29115978437477097 0.905391310185959
vn -0.8065971962180938 -0.2529779423397687 0.5342313391618343
vn -0.3080999874686027 -0.363857951871716 0.8790232013897966
vn -0.30901869749675226 -0.29115978437477097 0.905391310185959
vn -0.809015747309592 -0.17994726330118155 0.5595645655646161
vn -0.8090205175599753 -0.17994526265758037 0.5595583120766632
vn -0.30900963283587096 -0.29116069146276624 0.9053941122856743
vn -0.8090123226649842 -0.17994870984987418 0.559569051681357
vn -0.809015747309592 -0.17994726330118155 0.5595645655646161
vn -0.30901869749675226 -0.29115978437477097 0.905391310185959
vn -0.8090123226649842 -0.17994870984987418 0.559569051681357
vn -0.30900963283587096 -0.29116069146276624 0.9053941122856743
vn -0.30901869749675226 -0.29115978437477097 0.905391310185959
vn -0.809015747309592 -0.17994726330118155 0.5595645655646161
vn -0.30901869749675226 -0.29115978437477097 0.905391310185959
vn 0.99999999995 -0.000003061436912690368 0.000009519853282093974
vn 0.8066019349614876 -0.25297635328864004 0.5342249368881665
vn 0.9970094326550475 -0.07356631873366248 -0.02366828985874421
vn 0.99999999995 -0.000003061436912690368 0.000009519853282093974
vn 0.809015747309592 -0.17994726330118155 0.5595645655646161
vn 0.8090123226649842 -0.17994870984987418 0.559569051681357
vn 1 1.797413496507495e-16 4.0436755976085967e-16
vn 0.8090205175599753 -0.17994526265758037 0.5595583120766632
vn 0.809015747309592 -0.17994726330118155 0.5595645655646161
vn 1 1.797413496507495e-16 4.0436755976085967e-16
vn 0.8090205175599753 -0.17994526265758037 0.5595583120766632
vn 0.99999999995 0.000003061436912690368 -0.000009519853282093974
vn 1 1.797413496507495e-16 4.0436755976085967e-16
vn 0.809015747309592 -0.17994726330118155 0.5595645655646161
vn 1 1.797413496507495e-16 4.0436755976085967e-16
vn -1 -1.797413496507495e-16 -4.0436755976085967e-16
vn -0.8065971838025002 0.10583961091260413 -0.5815487596442317
vn -0.9970094327503102 -0.07356937865962458 -0.02365877280294403
vn -1 -1.797413496507495e-16 -4.0436755976085967e-16
vn -0.8090123226649842 0.17994870984987418 -0.559569051681357
vn -1 -1.797413496507495e-16 -4.0436755976085967e-16
vn -1 -1.797413496507495e-16 -4.0436755976085967e-16
vn -0.8090205175599753 0.17994526265758037 -0.5595583120766632
vn -1 -1.797413496507495e-16 -4.0436755976085967e-16
vn -1 -1.797413496507495e-16 -4.0436755976085967e-16
vn -0.809015747309592 0.17994726330118155 -0.5595645655646161
vn -0.8090123226649842 0.17994870984987418 -0.559569051681357
vn -1 -1.797413496507495e-16 -4.0436755976085967e-16
vn -0.8090123226649842 0.17994870984987418 -0.559569051681357
vn -0.809015747309592 0.17994726330118155 -0.5595645655646161
vn 0.8090205175599753 0.17994526265758037 -0.5595583120766632
vn 0.9970094326550475 -0.07356631873366248 -0.02366828985874421
vn 0.8065937130885091 0.10584045561677935 -0.5815534196966986
vn 0.8090205175599753 0.17994526265758037 -0.5595583120766632
vn 1 1.797413496507495e-16 4.0436755976085967e-16
vn 0.99999999995 -0.000003061436912690368 0.000009519853282093974
vn 0.809015747309592 0.17994726330118155 -0.5595645655646161
vn 0.99999999995 0.000003061436912690368 -0.000009519853282093974
vn 1 1.797413496507495e-16 4.0436755976085967e-16
vn 0.8090205175599753 0.17994526265758037 -0.5595583120766632
vn 0.99999999995 0.000003061436912690368 -0.000009519853282093974
vn 0.8090123226649842 0.17994870984987418 -0.559569051681357
vn 0.8090205175599753 0.17994526265758037 -0.5595583120766632
vn 1 1.797413496507495e-16 4.0436755976085967e-16
vn 1 1.797413496507495e-16 4.0436755976085967e-16
vn 0.8090123226649842 -0.17994870984987418 0.559569051681357
vn 0.3080909542205267 -0.36385905186984013 0.8790259121890927
vn 0.8066019349614876 -0.25297635328864004 0.5342249368881665
vn 0.809015747309592 -0.17994726330118155 0.5595645655646161
vn 0.30901869749675226 -0.29115978437477097 0.905391310185959
vn 0.8090123226649842 -0.17994870984987418 0.559569051681357
vn 0.8090205175599753 -0.17994526265758037 0.5595583120766632
vn 0.3090216561460123 -0.29115948826294313 0.9053903955903424
vn 0.809015747309592 -0.17994726330118155 0.5595645655646161
vn 0.8090205175599753 -0.17994526265758037 0.5595583120766632
vn 0.30900963283587096 -0.29116069146276624 0.9053941122856743
vn 0.30900963283587096 -0.29116069146276624 0.9053941122856743
vn 0.809015747309592 -0.17994726330118155 0.5595645655646161
vn 0.30901869749675226 -0.29115978437477097 0.905391310185959
vn 0.30900963283587096 -0.29116069146276624 0.9053941122856743
vn -0.6074204376599063 -0.756238593555005 -0.2431945754555308
vn -0.49141150105865516 -0.6469376399094899 -0.5830835503558802
vn -0.2724087831935328 -0.8358032095961102 -0.47668275579032604
vn -0.6627489301626808 -0.3985612146761606 -0.6339659405079151
vn -0.49141150105865516 -0.6469376399094899 -0.5830835503558802
vn -0.6074204376599063 -0.756238593555005 -0.2431945754555308
vn -0.9538386452777545 -0.28589981072799725 -0.09194094300361198
vn -0.7716718748249964 -0.11426105030733905 -0.6256731814507787
vn -0.6627489301626808 -0.3985612146761606 -0.6339659405079151
vn -0.8065971838025002 0.10583961091260413 -0.5815487596442317
vn -0.7716718748249964 -0.11426105030733905 -0.6256731814507787
vn -0.9538386452777545 -0.28589981072799725 -0.09194094300361198
vn -0.25315055352427557 -0.3074572390549397 -0.9172703218806693
vn -0.18770031410468904 -0.5793829221909615 -0.7931481712507841
vn -0.49141150105865516 -0.6469376399094899 -0.5830835503558802
vn -0.7716718748249964 -0.11426105030733905 -0.6256731814507787
vn -0.29475137017379666 -0.008182025392374143 -0.9555389496201333
vn -0.25315055352427557 -0.3074572390549397 -0.9172703218806693
vn -0.30809095934627573 0.2167197508883964 -0.9263436243338445
vn -0.29475137017379666 -0.008182025392374143 -0.9555389496201333
vn -0.7716718748249964 -0.11426105030733905 -0.6256731814507787
vn -0.18770031410468904 -0.5793829221909615 -0.7931481712507841
vn -0.10404950835860395 -0.7983556610373564 -0.5931289390174268
vn -0.2724087831935328 -0.8358032095961102 -0.47668275579032604
vn 0.30809095934627573 0.2167197508883964 -0.9263436243338445
vn 0.29475137017379666 -0.008182025392374143 -0.9555389496201333
vn -0.29475137017379666 -0.008182025392374143 -0.9555389496201333
vn 0.18770031410468904 -0.5793829221909615 -0.7931481712507841
vn 0.10404950835860395 -0.7983556610373564 -0.5931289390174268
vn -0.10404950835860395 -0.7983556610373564 -0.5931289390174268
vn 0.25315055352427557 -0.3074572390549397 -0.9172703218806693
vn 0.18770031410468904 -0.5793829221909615 -0.7931481712507841
vn -0.18770031410468904 -0.5793829221909615 -0.7931481712507841
vn 0.29475137017379666 -0.008182025392374143 -0.9555389496201333
vn 0.25315055352427557 -0.3074572390549397 -0.9172703218806693
vn -0.25315055352427557 -0.3074572390549397 -0.9172703218806693
vn 0.30809095934627573 0.2167197508883964 -0.9263436243338445
vn 0.8065937130885091 0.10584045561677935 -0.5815534196966986
vn 0.7716718748249964 -0.11426105030733905 -0.6256731814507787
vn 0.18770031410468904 -0.5793829221909615 -0.7931481712507841
vn 0.49141150105865516 -0.6469376399094899 -0.5830835503558802
vn 0.2724087831935328 -0.8358032095961102 -0.47668275579032604
vn 0.25315055352427557 -0.3074572390549397 -0.9172703218806693
vn 0.6627489301626808 -0.3985612146761606 -0.6339659405079151
vn 0.49141150105865516 -0.6469376399094899 -0.5830835503558802
vn 0.29475137017379666 -0.008182025392374143 -0.9555389496201333
vn 0.7716718748249964 -0.11426105030733905 -0.6256731814507787
vn 0.6627489301626808 -0.3985612146761606 -0.6339659405079151
vn 0.7716718748249964 -0.11426105030733905 -0.6256731814507787
vn 0.9538386452777545 -0.28589981072799725 -0.09194094300361198
vn 0.8191990363261941 -0.5459724464299838 -0.17557627009790794
vn 0.8065937130885091 0.10584045561677935 -0.5815534196966986
vn 0.9970094326550475 -0.07356631873366248 -0.02366828985874421
vn 0.9538386452777545 -0.28589981072799725 -0.09194094300361198
vn 0.6074204376599063 -0.756238593555005 -0.2431945754555308
vn 0.3367183564078953 -0.8963945213247172 -0.28826656170460846
vn 0.2724087831935328 -0.8358032095961102 -0.47668275579032604
vn 0.6627489301626808 -0.3985612146761606 -0.6339659405079151
vn 0.8191990363261941 -0.5459724464299838 -0.17557627009790794
vn 0.6074204376599063 -0.756238593555005 -0.2431945754555308
vn 0.7716718796874968 -0.4575408279540274 0.44179056220647
vn 0.6627433437724946 -0.6933878424427274 0.2828154172563305
vn 0.8191990363261941 -0.5459724464299838 -0.17557627009790794
vn 0.9970094326550475 -0.07356631873366248 -0.02366828985874421
vn 0.8066019349614876 -0.25297635328864004 0.5342249368881665
vn 0.7716718796874968 -0.4575408279540274 0.44179056220647
vn 0.49141151680173184 -0.8655432680025357 0.09669318678227508
vn 0.2724093196672272 -0.9569854141637096 -0.09986030060215027
vn 0.3367183564078953 -0.8963945213247172 -0.28826656170460846
vn 0.6627433437724946 -0.6933878424427274 0.2828154172563305
vn 0.49141151680173184 -0.8655432680025357 0.09669318678227508
vn 0.6074204376599063 -0.756238593555005 -0.2431945754555308
vn 0.6627433437724946 -0.6933878424427274 0.2828154172563305
vn 0.2531392505399804 -0.7844903627768082 0.5661231231334483
vn 0.1877003135293121 -0.9330958300397788 0.3067584787147276
vn 0.7716718796874968 -0.4575408279540274 0.44179056220647
vn 0.29475048192382275 -0.5636289251316138 0.7716505609151437
vn 0.2531392505399804 -0.7844903627768082 0.5661231231334483
vn 0.8066019349614876 -0.25297635328864004 0.5342249368881665
vn 0.3080909542205267 -0.36385905186984013 0.8790259121890927
vn 0.29475048192382275 -0.5636289251316138 0.7716505609151437
vn 0.49141151680173184 -0.8655432680025357 0.09669318678227508
vn 0.1877003135293121 -0.9330958300397788 0.3067584787147276
vn 0.10404951182044177 -0.9944336482667768 0.01659573091961146
vn -0.1877003135293121 -0.9330958300397788 0.3067584787147276
vn -0.10404951182044177 -0.9944336482667768 0.01659573091961146
vn 0.10404951182044177 -0.9944336482667768 0.01659573091961146
vn 0.2531392505399804 -0.7844903627768082 0.5661231231334483
vn -0.2531485820391547 -0.7844883907481937 0.5661216832032443
vn -0.1877003135293121 -0.9330958300397788 0.3067584787147276
vn 0.29475048192382275 -0.5636289251316138 0.7716505609151437
vn -0.29475048192382275 -0.5636289251316138 0.7716505609151437
vn -0.2531485820391547 -0.7844883907481937 0.5661216832032443
vn -0.3080999874686027 -0.363857951871716 0.8790232013897966
vn -0.29475048192382275 -0.5636289251316138 0.7716505609151437
vn 0.29475048192382275 -0.5636289251316138 0.7716505609151437
vn -0.8065971962180938 -0.2529779423397687 0.5342313391618343
vn -0.7716695737649618 -0.4575489531122841 0.44178617501145817
vn -0.29475048192382275 -0.5636289251316138 0.7716505609151437
vn -0.1877003135293121 -0.9330958300397788 0.3067584787147276
vn -0.49141151680173184 -0.8655432680025357 0.09669318678227508
vn -0.2724093196672272 -0.9569854141637096 -0.09986030060215027
vn 0.8066019348851746 -0.1058371567046068 0.5815426165812586
vn 0.3080999890599986 -0.2167190829927635 0.9263407773643587
vn 0.30901869749675226 -0.29115978437477097 0.905391310185959
vn 0.8065971962180938 0.2529779423397687 -0.5342313391618343
vn 0.9970094327503102 0.07356937865962458 0.02365877280294403
vn 1 1.797413496507495e-16 4.0436755976085967e-16
vn -0.6627401503807011 -0.6933875745215371 0.28282355731534353
vn -0.49141151680173184 -0.8655432680025357 0.09669318678227508
vn -0.1877003135293121 -0.9330958300397788 0.3067584787147276
vn -1 -1.797413496507495e-16 -4.0436755976085967e-16
vn -0.9970094327503102 0.07356937865962458 0.02365877280294403
vn -0.8065971962180938 0.2529779423397687 -0.5342313391618343
vn 1 1.797413496507495e-16 4.0436755976085967e-16
vn 0.9970094327503102 0.07356937865962458 0.02365877280294403
vn 0.8066019348851746 -0.1058371567046068 0.5815426165812586
vn -0.7716695737649618 -0.4575489531122841 0.44178617501145817
vn -0.6627401503807011 -0.6933875745215371 0.28282355731534353
vn -0.2531485820391547 -0.7844883907481937 0.5661216832032443
vn -0.30901869749675226 -0.29115978437477097 0.905391310185959
vn -0.30809095934627573 -0.2167197508883964 0.9263436243338445
vn -0.8065971838025002 -0.10583961091260413 0.5815487596442317
vn -0.30900963283587096 0.29116069146276624 -0.9053941122856743
vn -0.3080909542205267 0.36385905186984013 -0.8790259121890927
vn 0.3080909542205267 0.36385905186984013 -0.8790259121890927
vn -0.9970094327503102 -0.07356937865962458 -0.02365877280294403
vn -0.9538386452777545 -0.28589981072799725 -0.09194094300361198
vn -0.7716695737649618 -0.4575489531122841 0.44178617501145817
vn -0.49141151680173184 -0.8655432680025357 0.09669318678227508
vn -0.6074204376599063 -0.756238593555005 -0.2431945754555308
vn -0.3367183564078953 -0.8963945213247172 -0.28826656170460846
vn -0.8090205175599753 -0.17994526265758037 0.5595583120766632
vn -0.8065971838025002 -0.10583961091260413 0.5815487596442317
vn -0.9970094327503102 0.07356937865962458 0.02365877280294403
vn -0.8090123226649842 0.17994870984987418 -0.559569051681357
vn -0.8065971962180938 0.2529779423397687 -0.5342313391618343
vn -0.3080909542205267 0.36385905186984013 -0.8790259121890927
vn -0.8191990363261941 -0.5459724464299838 -0.17557627009790794
vn -0.6074204376599063 -0.756238593555005 -0.2431945754555308
vn -0.49141151680173184 -0.8655432680025357 0.09669318678227508
vn 0.3080909542205267 0.36385905186984013 -0.8790259121890927
vn 0.8065971962180938 0.2529779423397687 -0.5342313391618343
vn 0.8090123226649842 0.17994870984987418 -0.559569051681357
vn 0.30901869749675226 -0.29115978437477097 0.905391310185959
vn 0.3080999890599986 -0.2167190829927635 0.9263407773643587
vn -0.30809095934627573 -0.2167197508883964 0.9263436243338445
vn -0.9538386452777545 -0.28589981072799725 -0.09194094300361198
vn -0.8191990363261941 -0.5459724464299838 -0.17557627009790794
vn -0.6627401503807011 -0.6933875745215371 0.28282355731534353
vn -0.27240879066201223 0.9569865772403893 0.0998505971528697
vn -0.49141151680173184 0.8655432680025357 -0.09669318678227508
vn -0.6074204376599063 0.756238593555005 0.2431945754555308
vn -0.9538386452777545 0.28589981072799725 0.09194094300361198
vn -0.7716718796874968 0.4575408279540274 -0.44179056220647
vn -0.8065971962180938 0.2529779423397687 -0.5342313391618343
vn -0.6627433437724946 0.6933878424427274 -0.2828154172563305
vn -0.7716718796874968 0.4575408279540274 -0.44179056220647
vn -0.9538386452777545 0.28589981072799725 0.09194094300361198
vn -0.49141151680173184 0.8655432680025357 -0.09669318678227508
vn -0.6627433437724946 0.6933878424427274 -0.2828154172563305
vn -0.8191990363261941 0.5459724464299838 0.17557627009790794
vn -0.10404951182044177 0.9944336482667768 -0.01659573091961146
vn -0.1877003135293121 0.9330958300397788 -0.3067584787147276
vn -0.49141151680173184 0.8655432680025357 -0.09669318678227508
vn -0.7716718796874968 0.4575408279540274 -0.44179056220647
vn -0.2947513698171773 0.563621095735997 -0.7716559404503096
vn -0.3080909542205267 0.36385905186984013 -0.8790259121890927
vn -0.25314122161129987 0.7844934137371904 -0.5661180139547832
vn -0.2947513698171773 0.563621095735997 -0.7716559404503096
vn -0.7716718796874968 0.4575408279540274 -0.44179056220647
vn -0.1877003135293121 0.9330958300397788 -0.3067584787147276
vn -0.25314122161129987 0.7844934137371904 -0.5661180139547832
vn -0.6627433437724946 0.6933878424427274 -0.2828154172563305
vn 0.10404951182044177 0.9944336482667768 -0.01659573091961146
vn 0.1877003135293121 0.9330958300397788 -0.3067584787147276
vn -0.1877003135293121 0.9330958300397788 -0.3067584787147276
vn -0.2947513698171773 0.563621095735997 -0.7716559404503096
vn 0.2947513698171773 0.563621095735997 -0.7716559404503096
vn 0.3080909542205267 0.36385905186984013 -0.8790259121890927
vn -0.25314122161129987 0.7844934137371904 -0.5661180139547832
vn 0.2531505531056569 0.7844914416931041 -0.5661165740133166
vn 0.2947513698171773 0.563621095735997 -0.7716559404503096
vn 0.1877003135293121 0.9330958300397788 -0.3067584787147276
vn 0.2531505531056569 0.7844914416931041 -0.5661165740133166
vn -0.25314122161129987 0.7844934137371904 -0.5661180139547832
vn 0.49141151680173184 0.8655432680025357 -0.09669318678227508
vn 0.6627489380724229 0.6933832612791729 -0.2828135393890007
vn 0.2531505531056569 0.7844914416931041 -0.5661165740133166
vn 0.10404951182044177 0.9944336482667768 -0.01659573091961146
vn 0.27240879066201223 0.9569865772403893 0.0998505971528697
vn 0.49141151680173184 0.8655432680025357 -0.09669318678227508
vn 0.7716718796874968 0.4575408279540274 -0.44179056220647
vn 0.8065971962180938 0.2529779423397687 -0.5342313391618343
vn 0.3080909542205267 0.36385905186984013 -0.8790259121890927
vn 0.6627489380724229 0.6933832612791729 -0.2828135393890007
vn 0.7716718796874968 0.4575408279540274 -0.44179056220647
vn 0.2947513698171773 0.563621095735997 -0.7716559404503096
vn 0.49141151680173184 0.8655432680025357 -0.09669318678227508
vn 0.6074204376599063 0.756238593555005 0.2431945754555308
vn 0.8191990363261941 0.5459724464299838 0.17557627009790794
vn 0.27240879066201223 0.9569865772403893 0.0998505971528697
vn 0.3367183564078953 0.8963945213247172 0.28826656170460846
vn 0.6074204376599063 0.756238593555005 0.2431945754555308
vn 0.9538386452777545 0.28589981072799725 0.09194094300361198
vn 0.9970094327503102 0.07356937865962458 0.02365877280294403
vn 0.8065971962180938 0.2529779423397687 -0.5342313391618343
vn 0.6627489380724229 0.6933832612791729 -0.2828135393890007
vn 0.8191990363261941 0.5459724464299838 0.17557627009790794
vn 0.9538386452777545 0.28589981072799725 0.09194094300361198
vn 0.6627401731396584 0.3985588730089308 0.6339765671163775
vn 0.7716718748249964 0.11426105030733905 0.6256731814507787
vn 0.9538386452777545 0.28589981072799725 0.09194094300361198
vn 0.49141150105865516 0.6469376399094899 0.5830835503558802
vn 0.6627401731396584 0.3985588730089308 0.6339765671163775
vn 0.8191990363261941 0.5459724464299838 0.17557627009790794
vn 0.2724087831935328 0.8358032095961102 0.47668275579032604
vn 0.49141150105865516 0.6469376399094899 0.5830835503558802
vn 0.6074204376599063 0.756238593555005 0.2431945754555308
vn 0.7716718748249964 0.11426105030733905 0.6256731814507787
vn 0.8066019348851746 -0.1058371567046068 0.5815426165812586
vn 0.9970094327503102 0.07356937865962458 0.02365877280294403
vn 0.2947504743253241 0.008191532644831521 0.9555391445032093
vn 0.3080999890599986 -0.2167190829927635 0.9263407773643587
vn 0.8066019348851746 -0.1058371567046068 0.5815426165812586
vn 0.25313924938957705 0.3074525445266187 0.9172750150759527
vn 0.2947504743253241 0.008191532644831521 0.9555391445032093
vn 0.7716718748249964 0.11426105030733905 0.6256731814507787
vn 0.18770031410468904 0.5793829221909615 0.7931481712507841
vn 0.25313924938957705 0.3074525445266187 0.9172750150759527
vn 0.6627401731396584 0.3985588730089308 0.6339765671163775
vn 0.10404950835860395 0.7983556610373564 0.5931289390174268
vn 0.18770031410468904 0.5793829221909615 0.7931481712507841
vn 0.49141150105865516 0.6469376399094899 0.5830835503558802
vn 0.10404950835860395 0.7983556610373564 0.5931289390174268
vn -0.10404950835860395 0.7983556610373564 0.5931289390174268
vn -0.18770031410468904 0.5793829221909615 0.7931481712507841
vn -0.2947504743253241 0.008191532644831521 0.9555391445032093
vn -0.30809095934627573 -0.2167197508883964 0.9263436243338445
vn 0.3080999890599986 -0.2167190829927635 0.9263407773643587
vn 0.25313924938957705 0.3074525445266187 0.9172750150759527
vn -0.2531485902292064 0.3074517707774441 0.9172726965907028
vn -0.2947504743253241 0.008191532644831521 0.9555391445032093
vn -0.18770031410468904 0.5793829221909615 0.7931481712507841
vn -0.2531485902292064 0.3074517707774441 0.9172726965907028
vn 0.25313924938957705 0.3074525445266187 0.9172750150759527
vn -0.10404950835860395 0.7983556610373564 0.5931289390174268
vn -0.2724087831935328 0.8358032095961102 0.47668275579032604
vn -0.49141150105865516 0.6469376399094899 0.5830835503558802
vn -0.2947504743253241 0.008191532644831521 0.9555391445032093
vn -0.7716718748249964 0.11426105030733905 0.6256731814507787
vn -0.8065971838025002 -0.10583961091260413 0.5815487596442317
vn -0.2531485902292064 0.3074517707774441 0.9172726965907028
vn -0.662743339978348 0.39856384351769225 0.6339701317528676
vn -0.7716718748249964 0.11426105030733905 0.6256731814507787
vn -0.18770031410468904 0.5793829221909615 0.7931481712507841
vn -0.49141150105865516 0.6469376399094899 0.5830835503558802
vn -0.662743339978348 0.39856384351769225 0.6339701317528676
vn -0.6074204376599063 0.756238593555005 0.2431945754555308
vn -0.8191990363261941 0.5459724464299838 0.17557627009790794
vn -0.662743339978348 0.39856384351769225 0.6339701317528676
vn -0.3367183564078953 0.8963945213247172 0.28826656170460846
vn -0.6074204376599063 0.756238593555005 0.2431945754555308
vn -0.49141150105865516 0.6469376399094899 0.5830835503558802
vn -0.7716718748249964 0.11426105030733905 0.6256731814507787
vn -0.9538386452777545 0.28589981072799725 0.09194094300361198
vn -0.9970094327503102 0.07356937865962458 0.02365877280294403
vn -0.662743339978348 0.39856384351769225 0.6339701317528676
vn -0.8191990363261941 0.5459724464299838 0.17557627009790794
vn -0.9538386452777545 0.28589981072799725 0.09194094300361198
vn 0.3080909542205267 -0.36385905186984013 0.8790259121890927
vn 0.30901869749675226 -0.29115978437477097 0.905391310185959
vn -0.30901869749675226 -0.29115978437477097 0.905391310185959
vn 0.30901869749675226 -0.29115978437477097 0.905391310185959
vn 0.3090216561460123 -0.29115948826294313 0.9053903955903424
vn -0.30900963283587096 -0.29116069146276624 0.9053941122856743
vn 0.30900963283587096 -0.29116069146276624 0.9053941122856743
vn -0.30900963283587096 -0.29116069146276624 0.9053941122856743
vn -0.30900963283587096 -0.29116069146276624 0.9053941122856743
vn 0.30900963283587096 -0.29116069146276624 0.9053941122856743
vn -0.30901869749675226 -0.29115978437477097 0.905391310185959
vn -0.30900963283587096 -0.29116069146276624 0.9053941122856743
vn 0.30900963283587096 -0.29116069146276624 0.9053941122856743
vn 0.30901869749675226 -0.29115978437477097 0.905391310185959
vn -0.30901869749675226 -0.29115978437477097 0.905391310185959
vn 0.30901869749675226 0.29115978437477097 -0.905391310185959
vn 0.8090205175599753 0.17994526265758037 -0.5595583120766632
vn 0.8065937130885091 0.10584045561677935 -0.5815534196966986
vn 0.30901869749675226 0.29115978437477097 -0.905391310185959
vn 0.809015747309592 0.17994726330118155 -0.5595645655646161
vn 0.8090205175599753 0.17994526265758037 -0.5595583120766632
vn 0.30901869749675226 0.29115978437477097 -0.905391310185959
vn 0.8090123226649842 0.17994870984987418 -0.559569051681357
vn 0.809015747309592 0.17994726330118155 -0.5595645655646161
vn 0.30901869749675226 0.29115978437477097 -0.905391310185959
vn 0.8090205175599753 0.17994526265758037 -0.5595583120766632
vn 0.8090123226649842 0.17994870984987418 -0.559569051681357
vn 0.30901869749675226 0.29115978437477097 -0.905391310185959
vn 0.8090123226649842 0.17994870984987418 -0.559569051681357
vn 0.8090205175599753 0.17994526265758037 -0.5595583120766632
vn -0.8090123226649842 0.17994870984987418 -0.559569051681357
vn -0.30900963283587096 0.29116069146276624 -0.9053941122856743
vn -0.30809095934627573 0.2167197508883964 -0.9263436243338445
vn -0.8090123226649842 0.17994870984987418 -0.559569051681357
vn -0.8090205175599753 0.17994526265758037 -0.5595583120766632
vn -0.30901869749675226 0.29115978437477097 -0.905391310185959
vn -0.8090123226649842 0.17994870984987418 -0.559569051681357
vn -0.30901869749675226 0.29115978437477097 -0.905391310185959
vn -0.30901869749675226 0.29115978437477097 -0.905391310185959
vn -0.809015747309592 0.17994726330118155 -0.5595645655646161
vn -0.30901869749675226 0.29115978437477097 -0.905391310185959
vn -0.30901869749675226 0.29115978437477097 -0.905391310185959
vn -0.8090123226649842 0.17994870984987418 -0.559569051681357
vn -0.30900963283587096 0.29116069146276624 -0.9053941122856743
vn -0.30901869749675226 0.29115978437477097 -0.905391310185959
vn -0.8090205175599753 -0.17994526265758037 0.5595583120766632
vn -1 -1.797413496507495e-16 -4.0436755976085967e-16
vn -0.9970094327503102 -0.07356937865962458 -0.02365877280294403
vn -0.809015747309592 -0.17994726330118155 0.5595645655646161
vn -1 -1.797413496507495e-16 -4.0436755976085967e-16
vn -1 -1.797413496507495e-16 -4.0436755976085967e-16
vn -0.8090123226649842 -0.17994870984987418 0.559569051681357
vn -1 -1.797413496507495e-16 -4.0436755976085967e-16
vn -1 -1.797413496507495e-16 -4.0436755976085967e-16
vn -0.809015747309592 -0.17994726330118155 0.5595645655646161
vn -1 -1.797413496507495e-16 -4.0436755976085967e-16
vn -1 -1.797413496507495e-16 -4.0436755976085967e-16
vn -0.8090205175599753 -0.17994526265758037 0.5595583120766632
vn -1 -1.797413496507495e-16 -4.0436755976085967e-16
vn -1 -1.797413496507495e-16 -4.0436755976085967e-16
vn -0.30809095934627573 0.2167197508883964 -0.9263436243338445
vn -0.30900963283587096 0.29116069146276624 -0.9053941122856743
vn 0.30901869749675226 0.29115978437477097 -0.905391310185959
vn -0.30900963283587096 0.29116069146276624 -0.9053941122856743
vn -0.30901869749675226 0.29115978437477097 -0.905391310185959
vn 0.30901869749675226 0.29115978437477097 -0.905391310185959
vn -0.30901869749675226 0.29115978437477097 -0.905391310185959
vn -0.30901869749675226 0.29115978437477097 -0.905391310185959
vn 0.30901869749675226 0.29115978437477097 -0.905391310185959
vn -0.30901869749675226 0.29115978437477097 -0.905391310185959
vn -0.30901869749675226 0.29115978437477097 -0.905391310185959
vn 0.30901869749675226 0.29115978437477097 -0.905391310185959
vn -0.30901869749675226 0.29115978437477097 -0.905391310185959
vn -0.30900963283587096 0.29116069146276624 -0.9053941122856743
vn 0.30901869749675226 0.29115978437477097 -0.905391310185959
vn -0.30901869749675226 -0.29115978437477097 0.905391310185959
vn -0.8090205175599753 -0.17994526265758037 0.5595583120766632
vn -0.8065971962180938 -0.2529779423397687 0.5342313391618343
vn -0.30901869749675226 -0.29115978437477097 0.905391310185959
vn -0.30900963283587096 -0.29116069146276624 0.9053941122856743
vn -0.809015747309592 -0.17994726330118155 0.5595645655646161
vn -0.30900963283587096 -0.29116069146276624 0.9053941122856743
vn -0.30900963283587096 -0.29116069146276624 0.9053941122856743
vn -0.8090123226649842 -0.17994870984987418 0.559569051681357
vn -0.30901869749675226 -0.29115978437477097 0.905391310185959
vn -0.809015747309592 -0.17994726330118155 0.5595645655646161
vn -0.8090123226649842 -0.17994870984987418 0.559569051681357
vn -0.30901869749675226 -0.29115978437477097 0.905391310185959
vn -0.8090205175599753 -0.17994526265758037 0.5595583120766632
vn -0.809015747309592 -0.17994726330118155 0.5595645655646161
vn 0.99999999995 -0.000003061436912690368 0.000009519853282093974
vn 0.8090123226649842 -0.17994870984987418 0.559569051681357
vn 0.8066019349614876 -0.25297635328864004 0.5342249368881665
vn 0.99999999995 -0.000003061436912690368 0.000009519853282093974
vn 1 1.797413496507495e-16 4.0436755976085967e-16
vn 0.809015747309592 -0.17994726330118155 0.5595645655646161
vn 1 1.797413496507495e-16 4.0436755976085967e-16
vn 0.99999999995 0.000003061436912690368 -0.000009519853282093974
vn 0.8090205175599753 -0.17994526265758037 0.5595583120766632
vn 1 1.797413496507495e-16 4.0436755976085967e-16
vn 0.809015747309592 -0.17994726330118155 0.5595645655646161
vn 0.8090205175599753 -0.17994526265758037 0.5595583120766632
vn 1 1.797413496507495e-16 4.0436755976085967e-16
vn 0.809015747309592 -0.17994726330118155 0.5595645655646161
vn 0.809015747309592 -0.17994726330118155 0.5595645655646161
vn -1 -1.797413496507495e-16 -4.0436755976085967e-16
vn -0.8090123226649842 0.17994870984987418 -0.559569051681357
vn -0.8065971838025002 0.10583961091260413 -0.5815487596442317
vn -1 -1.797413496507495e-16 -4.0436755976085967e-16
vn -0.8090205175599753 0.17994526265758037 -0.5595583120766632
vn -0.8090123226649842 0.17994870984987418 -0.559569051681357
vn -1 -1.797413496507495e-16 -4.0436755976085967e-16
vn -0.8090123226649842 0.17994870984987418 -0.559569051681357
vn -0.8090205175599753 0.17994526265758037 -0.5595583120766632
vn -1 -1.797413496507495e-16 -4.0436755976085967e-16
vn -1 -1.797413496507495e-16 -4.0436755976085967e-16
vn -0.809015747309592 0.17994726330118155 -0.5595645655646161
vn -1 -1.797413496507495e-16 -4.0436755976085967e-16
vn -1 -1.797413496507495e-16 -4.0436755976085967e-16
vn -0.8090123226649842 0.17994870984987418 -0.559569051681357
vn 0.8090205175599753 0.17994526265758037 -0.5595583120766632
vn 0.99999999995 -0.000003061436912690368 0.000009519853282093974
vn 0.9970094326550475 -0.07356631873366248 -0.02366828985874421
vn 0.8090205175599753 0.17994526265758037 -0.5595583120766632
vn 0.809015747309592 0.17994726330118155 -0.5595645655646161
vn 1 1.797413496507495e-16 4.0436755976085967e-16
vn 0.809015747309592 0.17994726330118155 -0.5595645655646161
vn 0.8090123226649842 0.17994870984987418 -0.559569051681357
vn 0.99999999995 0.000003061436912690368 -0.000009519853282093974
vn 0.8090205175599753 0.17994526265758037 -0.5595583120766632
vn 1 1.797413496507495e-16 4.0436755976085967e-16
vn 0.99999999995 0.000003061436912690368 -0.000009519853282093974
vn 0.8090205175599753 0.17994526265758037 -0.5595583120766632
vn 0.8090123226649842 0.17994870984987418 -0.559569051681357
vn 1 1.797413496507495e-16 4.0436755976085967e-16
vn 0.8090123226649842 -0.17994870984987418 0.559569051681357
vn 0.30901869749675226 -0.29115978437477097 0.905391310185959
vn 0.3080909542205267 -0.36385905186984013 0.8790259121890927
vn 0.809015747309592 -0.17994726330118155 0.5595645655646161
vn 0.3090216561460123 -0.29115948826294313 0.9053903955903424
vn 0.30901869749675226 -0.29115978437477097 0.905391310185959
vn 0.8090205175599753 -0.17994526265758037 0.5595583120766632
vn 0.30900963283587096 -0.29116069146276624 0.9053941122856743
vn 0.3090216561460123 -0.29115948826294313 0.9053903955903424
vn 0.8090205175599753 -0.17994526265758037 0.5595583120766632
vn 0.809015747309592 -0.17994726330118155 0.5595645655646161
vn 0.30900963283587096 -0.29116069146276624 0.9053941122856743
vn 0.809015747309592 -0.17994726330118155 0.5595645655646161
vn 0.809015747309592 -0.17994726330118155 0.5595645655646161
vn 0.30901869749675226 -0.29115978437477097 0.905391310185959
f 901//901 902//902 903//903
f 904//904 905//905 906//906
f 907//907 908//908 909//909
f 910//910 911//911 912//912
f 913//913 914//914 915//915
f 916//916 917//917 918//918
f 919//919 920//920 921//921
f 922//922 923//923 924//924
f 925//925 926//926 927//927
f 928//928 929//929 930//930
f 931//931 932//932 933//933
f 934//934 935//935 936//936
f 937//937 938//938 939//939
f 940//940 941//941 942//942
f 943//943 944//944 945//945
f 946//946 947//947 948//948
f 949//949 950//950 951//951
f 952//952 953//953 954//954
f 955//955 956//956 957//957
f 958//958 959//959 960//960
f 961//961 962//962 963//963
f 964//964 965//965 966//966
f 967//967 968//968 969//969
f 970//970 971//971 972//972
f 973//973 974//974 975//975
f 976//976 977//977 978//978
f 979//979 980//980 981//981
f 982//982 983//983 984//984
f 985//985 986//986 987//987
f 988//988 989//989 990//990
f 991//991 992//992 993//993
f 994//994 995//995 996//996
f 997//997 998//998 999//999
f 1000//1000 1001//1001 1002//1002
f 1003//1003 1004//1004 1005//1005
f 1006//1006 1007//1007 1008//1008
f 1009//1009 1010//1010 1011//1011
f 1012//1012 1013//1013 1014//1014
f 1015//1015 1016//1016 1017//1017
f 1018//1018 1019//1019 1020//1020
f 1021//1021 1022//1022 1023//1023
f 1024//1024 1025//1025 1026//1026
f 1027//1027 1028//1028 1029//1029
f 1030//1030 1031//1031 1032//1032
f 1033//1033 1034//1034 1035//1035
f 1036//1036 1037//1037 1038//1038
f 1039//1039 1040//1040 1041//1041
f 1042//1042 1043//1043 1044//1044
f 1045//1045 1046//1046 1047//1047
f 1048//1048 1049//1049 1050//1050
f 1051//1051 1052//1052 1053//1053
f 1054//1054 1055//1055 1056//1056
f 1057//1057 1058//1058 1059//1059
f 1060//1060 1061//1061 1062//1062
f 1063//1063 1064//1064 1065//1065
f 1066//1066 1067//1067 1068//1068
f 1069//1069 1070//1070 1071//1071
f 1072//1072 1073//1073 1074//1074
f 1075//1075 1076//1076 1077//1077
f 1078//1078 1079//1079 1080//1080
f 1081//1081 1082//1082 1083//1083
f 1084//1084 1085//1085 1086//1086
f 1087//1087 1088//1088 1089//1089
f 1090//1090 1091//1091 1092//1092
f 1093//1093 1094//1094 1095//1095
f 1096//1096 1097//1097 1098//1098
f 1099//1099 1100//1100 1101//1101
f 1102//1102 1103//1103 1104//1104
f 1105//1105 1106//1106 1107//1107
f 1108//1108 1109//1109 1110//1110
f 1111//1111 1112//1112 1113//1113
f 1114//1114 1115//1115 1116//1116
f 1117//1117 1118//1118 1119//1119
f 1120//1120 1121//1121 1122//1122
f 1123//1123 1124//1124 1125//1125
f 1126//1126 1127//1127 1128//1128
f 1129//1129 1130//1130 1131//1131
f 1132//1132 1133//1133 1134//1134
f 1135//1135 1136//1136 1137//1137
f 1138//1138 1139//1139 1140//1140
f 1141//1141 1142//1142 1143//1143
f 1144//1144 1145//1145 1146//1146
f 1147//1147 1148//1148 1149//1149
f 1150//1150 1151//1151 1152//1152
f 1153//1153 1154//1154 1155//1155
f 1156//1156 1157//1157 1158//1158
f 1159//1159 1160//1160 1161//1161
f 1162//1162 1163//1163 1164//1164
f 1165//1165 1166//1166 1167//1167
f 1168//1168 1169//1169 1170//1170
f 1171//1171 1172//1172 1173//1173
f 1174//1174 1175//1175 1176//1176
f 1177//1177 1178//1178 1179//1179
f 1180//1180 1181//1181 1182//1182
f 1183//1183 1184//1184 1185//1185
f 1186//1186 1187//1187 1188//1188
f 1189//1189 1190//1190 1191//1191
f 1192//1192 1193//1193 1194//1194
f 1195//1195 1196//1196 1197//1197
f 1198//1198 1199//1199 1200//1200
f 1201//1201 1202//1202 1203//1203
f 1204//1204 1205//1205 1206//1206
f 1207//1207 1208//1208 1209//1209
f 1210//1210 1211//1211 1212//1212
f 1213//1213 1214//1214 1215//1215
f 1216//1216 1217//1217 1218//1218
f 1219//1219 1220//1220 1221//1221
f 1222//1222 1223//1223 1224//1224
f 1225//1225 1226//1226 1227//1227
f 1228//1228 1229//1229 1230//1230
f 1231//1231 1232//1232 1233//1233
f 1234//1234 1235//1235 1236//1236
f 1237//1237 1238//1238 1239//1239
f 1240//1240 1241//1241 1242//1242
f 1243//1243 1244//1244 1245//1245
f 1246//1246 1247//1247 1248//1248
f 1249//1249 1250//1250 1251//1251
f 1252//1252 1253//1253 1254//1254
f 1255//1255 1256//1256 1257//1257
f 1258//1258 1259//1259 1260//1260
f 1261//1261 1262//1262 1263//1263
f 1264//1264 1265//1265 1266//1266
f 1267//1267 1268//1268 1269//1269
f 1270//1270 1271//1271 1272//1272
f 1273//1273 1274//1274 1275//1275
f 1276//1276 1277//1277 1278//1278
f 1279//1279 1280//1280 1281//1281
f 1282//1282 1283//1283 1284//1284
f 1285//1285 1286//1286 1287//1287
f 1288//1288 1289//1289 1290//1290
f 1291//1291 1292//1292 1293//1293
f 1294//1294 1295//1295 1296//1296
f 1297//1297 1298//1298 1299//1299
f 1300//1300 1301//1301 1302//1302
f 1303//1303 1304//1304 1305//1305
f 1306//1306 1307//1307 1308//1308
f 1309//1309 1310//1310 1311//1311
f 1312//1312 1313//1313 1314//1314
f 1315//1315 1316//1316 1317//1317
f 1318//1318 1319//1319 1320//1320
f 1321//1321 1322//1322 1323//1323
f 1324//1324 1325//1325 1326//1326
f 1327//1327 1328//1328 1329//1329
f 1330//1330 1331//1331 1332//1332
f 1333//1333 1334//1334 1335//1335
f 1336//1336 1337//1337 1338//1338
f 1339//1339 1340//1340 1341//1341
f 1342//1342 1343//1343 1344//1344
f 1345//1345 1346//1346 1347//1347
f 1348//1348 1349//1349 1350//1350
f 1351//1351 1352//1352 1353//1353
f 1354//1354 1355//1355 1356//1356
f 1357//1357 1358//1358 1359//1359
f 1360//1360 1361//1361 1362//1362
f 1363//1363 1364//1364 1365//1365
f 1366//1366 1367//1367 1368//1368
f 1369//1369 1370//1370 1371//1371
f 1372//1372 1373//1373 1374//1374
f 1375//1375 1376//1376 1377//1377
f 1378//1378 1379//1379 1380//1380
f 1381//1381 1382//1382 1383//1383
f 1384//1384 1385//1385 1386//1386
f 1387//1387 1388//1388 1389//1389
f 1390//1390 1391//1391 1392//1392
f 1393//1393 1394//1394 1395//1395
f 1396//1396 1397//1397 1398//1398
f 1399//1399 1400//1400 1401//1401
f 1402//1402 1403//1403 1404//1404
f 1405//1405 1406//1406 1407//1407
f 1408//1408 1409//1409 1410//1410
f 1411//1411 1412//1412 1413//1413
f 1414//1414 1415//1415 1416//1416
f 1417//1417 1418//1418 1419//1419
f 1420//1420 1421//1421 1422//1422
f 1423//1423 1424//1424 1425//1425
f 1426//1426 1427//1427 1428//1428
f 1429//1429 1430//1430 1431//1431
f 1432//1432 1433//1433 1434//1434
f 1435//1435 1436//1436 1437//1437
f 1438//1438 1439//1439 1440//1440
f 1441//1441 1442//1442 1443//1443
f 1444//1444 1445//1445 1446//1446
f 1447//1447 1448//1448 1449//1449
f 1450//1450 1451//1451 1452//1452
f 1453//1453 1454//1454 1455//1455
f 1456//1456 1457//1457 1458//1458
f 1459//1459 1460//1460 1461//1461
f 1462//1462 1463//1463 1464//1464
f 1465//1465 1466//1466 1467//1467
f 1468//1468 1469//1469 1470//1470
f 1471//1471 1472//1472 1473//1473
f 1474//1474 1475//1475 1476//1476
f 1477//1477 1478//1478 1479//1479
f 1480//1480 1481//1481 1482//1482
f 1483//1483 1484//1484 1485//1485
f 1486//1486 1487//1487 1488//1488
f 1489//1489 1490//1490 1491//1491
f 1492//1492 1493//1493 1494//1494
f 1495//1495 1496//1496 1497//1497
f 1498//1498 1499//1499 1500//1500
f 1501//1501 1502//1502 1503//1503
f 1504//1504 1505//1505 1506//1506
f 1507//1507 1508//1508 1509//1509
f 1510//1510 1511//1511 1512//1512
f 1513//1513 1514//1514 1515//1515
f 1516//1516 1517//1517 1518//1518
f 1519//1519 1520//1520 1521//1521
f 1522//1522 1523//1523 1524//1524
f 1525//1525 1526//1526 1527//1527
f 1528//1528 1529//1529 1530//1530
f 1531//1531 1532//1532 1533//1533
f 1534//1534 1535//1535 1536//1536
f 1537//1537 1538//1538 1539//1539
f 1540//1540 1541//1541 1542//1542
f 1543//1543 1544//1544 1545//1545
f 1546//1546 1547//1547 1548//1548
f 1549//1549 1550//1550 1551//1551
f 1552//1552 1553//1553 1554//1554
f 1555//1555 1556//1556 1557//1557
f 1558//1558 1559//1559 1560//1560
f 1561//1561 1562//1562 1563//1563
f 1564//1564 1565//1565 1566//1566
f 1567//1567 1568//1568 1569//1569
f 1570//1570 1571//1571 1572//1572
f 1573//1573 1574//1574 1575//1575
f 1576//1576 1577//1577 1578//1578
f 1579//1579 1580//1580 1581//1581
f 1582//1582 1583//1583 1584//1584
f 1585//1585 1586//1586 1587//1587
f 1588//1588 1589//1589 1590//1590
f 1591//1591 1592//1592 1593//1593
f 1594//1594 1595//1595 1596//1596
f 1597//1597 1598//1598 1599//1599
f 1600//1600 1601//1601 1602//1602
f 1603//1603 1604//1604 1605//1605
f 1606//1606 1607//1607 1608//1608
f 1609//1609 1610//1610 1611//1611
f 1612//1612 1613//1613 1614//1614
f 1615//1615 1616//1616 1617//1617
f 1618//1618 1619//1619 1620//1620
f 1621//1621 1622//1622 1623//1623
f 1624//1624 1625//1625 1626//1626
f 1627//1627 1628//1628 1629//1629
f 1630//1630 1631//1631 1632//1632
f 1633//1633 1634//1634 1635//1635
f 1636//1636 1637//1637 1638//1638
f 1639//1639 1640//1640 1641//1641
f 1642//1642 1643//1643 1644//1644
f 1645//1645 1646//1646 1647//1647
f 1648//1648 1649//1649 1650//1650
f 1651//1651 1652//1652 1653//1653
f 1654//1654 1655//1655 1656//1656
f 1657//1657 1658//1658 1659//1659
f 1660//1660 1661//1661 1662//1662
f 1663//1663 1664//1664 1665//1665
f 1666//1666 1667//1667 1668//1668
f 1669//1669 1670//1670 1671//1671
f 1672//1672 1673//1673 1674//1674
f 1675//1675 1676//1676 1677//1677
f 1678//1678 1679//1679 1680//1680
f 1681//1681 1682//1682 1683//1683
f 1684//1684 1685//1685 1686//1686
f 1687//1687 1688//1688 1689//1689
f 1690//1690 1691//1691 1692//1692
f 1693//1693 1694//1694 1695//1695
f 1696//1696 1697//1697 1698//1698
f 1699//1699 1700//1700 1701//1701
f 1702//1702 1703//1703 1704//1704
f 1705//1705 1706//1706 1707//1707
f 1708//1708 1709//1709 1710//1710
f 1711//1711 1712//1712 1713//1713
f 1714//1714 1715//1715 1716//1716
f 1717//1717 1718//1718 1719//1719
f 1720//1720 1721//1721 1722//1722
f 1723//1723 1724//1724 1725//1725
f 1726//1726 1727//1727 1728//1728
f 1729//1729 1730//1730 1731//1731
f 1732//1732 1733//1733 1734//1734
f 1735//1735 1736//1736 1737//1737
f 1738//1738 1739//1739 1740//1740
f 1741//1741 1742//1742 1743//1743
f 1744//1744 1745//1745 1746//1746
f 1747//1747 1748//1748 1749//1749
f 1750//1750 1751//1751 1752//1752
f 1753//1753 1754//1754 1755//1755
f 1756//1756 1757//1757 1758//1758
f 1759//1759 1760//1760 1761//1761
f 1762//1762 1763//1763 1764//1764
f 1765//1765 1766//1766 1767//1767
f 1768//1768 1769//1769 1770//1770
f 1771//1771 1772//1772 1773//1773
f 1774//1774 1775//1775 1776//1776
f 1777//1777 1778//1778 1779//1779
f 1780//1780 1781//1781 1782//1782
f 1783//1783 1784//1784 1785//1785
f 1786//1786 1787//1787 1788//1788
f 1789//1789 1790//1790 1791//1791
f 1792//1792 1793//1793 1794//1794
f 1795//1795 1796//1796 1797//1797
f 1798//1798 1799//1799 1800//1800
